eda,temp,heart_rate,Q1,Q2,Q3,Q4,Q5,Q6,Q7,Q8,Q9,Q10,Q11,Q12,Q13,Q14,Q15,label
0.027941636,29.3193,80,1,1,0,0,0,-1,-2,-1,-2,-2,0,0,0,0,0,1
0.027748328,29.30175,80,0,0,0,-1,0,-1,-1,0,-1,0,0,0,0,0,0,2
0.027748328,29.30175,80,0,0,0,1,1,1,1,1,0,0,0,0,0,0,0,3
0.029024113,29.28785,79,-1,0,-1,0,0,-1,-1,0,0,0,0,1,0,0,0,4
0.028885149,29.27428333,78,-1,0,-1,-1,-1,-2,-2,-2,-2,-2,-1,-1,-1,-2,-2,5
0.029078124,29.26253333,77,0,-1,-1,-1,-2,-2,-2,-2,-2,-2,-2,-2,-2,-2,-2,6
0.029078124,29.26253333,77,0,0,0,-1,0,-1,-1,-1,-1,-1,-1,-1,-1,-1,-1,7
0.029037021,29.24333333,77,0,0,0,0,0,0,0,0,0,0,0,0,0,0,0,8
0.028524623,29.22175,76,1,1,1,1,2,1,1,0,0,0,0,1,0,1,1,9
0.028524623,29.22175,76,-1,0,0,0,0,-1,-1,-1,-1,-1,0,0,0,0,0,10
0.028667554,29.20188136,75,0,0,0,-2,-2,-2,-2,-1,-1,-1,-1,-1,-1,-1,-2,11
0.028667554,29.20188136,75,0,0,0,0,0,0,0,0,0,0,0,0,0,0,0,12
0.029287092,29.18221667,74,0,0,0,-1,0,0,0,-1,-1,-1,0,0,0,0,0,13
0.029287092,29.18221667,74,0,0,0,0,1,0,0,0,0,0,0,0,0,1,1,14
0.029852863,29.15506667,75,0,0,0,1,1,0,0,0,0,0,0,1,0,0,-1,15
0.02946495,29.13408333,74,-1,0,-1,0,0,0,0,0,0,0,0,0,0,0,0,16
0.029910137,29.11316393,74,-2,-2,-1,0,0,-2,-2,-2,-2,-2,-1,0,-1,-2,-2,17
0.029910137,29.11316393,74,1,1,1,0,1,0,0,0,0,0,1,0,0,1,0,18
0.030462708,29.07881667,74,0,1,1,1,1,0,0,0,0,0,0,1,0,0,1,19
0.030462708,29.07881667,74,-1,-1,-1,-2,-2,-2,-2,-2,-2,-2,-2,-2,-2,-2,-2,20
0.030527433,29.0338,74,0,0,0,-1,-1,-1,-1,-1,-1,-1,-2,-2,-2,-2,-2,21
0.029604775,29.01045,74,-1,0,0,-1,-1,-1,-1,-1,-1,-1,0,0,0,-1,-1,22
0.029604775,29.01045,74,0,1,0,0,0,-1,-1,0,-1,-1,0,1,0,0,0,23
0.030244075,28.9308,73,0,1,1,-1,0,-1,-1,-1,-1,-1,0,0,0,0,0,24
0.030244075,28.9308,73,0,0,0,0,0,0,0,0,0,0,1,1,0,0,0,25
0.030168217,28.8741,73,-1,-1,-1,-2,-1,-1,-1,-1,-1,-1,-1,-1,-1,-2,-2,26
0.030168217,28.8741,73,1,1,1,1,0,0,0,0,0,0,0,1,0,0,0,27
0.030104729,28.7913,0,-1,-1,-1,-2,-2,-2,-2,-1,-1,-1,-2,-2,-2,-2,-2,28
0.030853343,28.70438333,0,0,1,1,0,1,0,0,0,0,0,0,0,0,0,0,29
0.016039088,28.13568333,0,0,0,0,0,1,0,0,0,0,0,0,0,0,0,0,30
0.000863829,27.23521667,0,-1,0,-1,0,0,0,0,0,0,0,0,0,0,0,0,31
0.001509843,26.80491667,0,0,1,0,1,1,0,-1,-1,0,0,-1,1,-1,1,0,32
0.001509843,26.80491667,0,0,0,0,-1,-1,-1,-1,-1,0,0,-1,-1,-1,-2,-2,33
0.001305141,26.26186667,0,-2,0,-1,-2,-2,-1,-1,-1,-1,-1,-2,-2,0,-2,-2,34
0.000674372,25.60691667,0,-1,-1,-2,-2,-2,-2,-2,-2,-1,-1,-2,-1,-1,-2,-2,35
-2.80E-05,25.03118333,76,0,0,0,1,1,0,-1,-1,0,0,0,1,-1,0,0,36
0.000449307,24.41949153,75,0,1,0,-1,-1,-1,-1,-1,0,0,0,-1,-1,-1,-1,37
0.000449307,24.41949153,75,0,1,0,0,1,0,0,-1,0,0,0,1,0,0,0,38
-5.71E-05,23.36205,73,-2,-2,-2,-2,-1,-2,-2,-2,-1,-1,-2,-2,-2,-2,-2,39
-5.71E-05,23.36205,73,-1,0,-1,-1,-1,-1,-1,-1,0,0,-1,0,0,-1,-1,40
-2.13E-05,22.97418033,73,0,1,1,1,1,1,1,1,0,0,1,1,0,1,1,41
0.000874837,22.67023333,72,-1,0,0,1,1,0,-1,-1,0,0,-1,1,0,0,0,42
0.001191567,22.439,72,0,1,0,1,0,0,0,0,0,0,0,1,1,1,0,43
0.001804217,22.25636667,72,0,-1,0,0,1,-2,-2,-1,-1,-1,0,1,-1,0,0,44
0.000974838,22.10388333,72,1,1,0,0,0,0,0,0,0,0,0,1,0,0,0,45
0.0012305,21.96196667,79,1,1,1,-1,-1,-1,-1,-1,-1,-1,-2,-1,-1,-2,-2,46
0.001362813,21.80335,80,-1,0,-1,0,-1,-1,-1,-1,-1,-1,-1,0,-1,-1,-1,47
0.001125613,21.68183333,70,-2,-2,-2,0,1,-1,0,0,0,0,0,1,-1,0,0,48
0.001204283,21.623,69,0,1,0,-1,-2,-1,-1,-1,0,0,-2,-2,0,-2,-2,49
0.001007221,21.5532,68,0,1,0,-2,-2,-2,0,-1,0,0,-2,-2,0,-2,-2,50
0.072412054,29.08218333,60,0,2,-2,-2,-1,-2,-2,-2,-2,-2,-2,0,-2,-2,-2,1
0.072215187,29.26931667,58,0,0,1,1,1,1,1,0,0,0,1,1,1,0,0,2
0.069383008,29.61143333,58,0,1,1,-1,-2,1,1,1,0,0,1,0,1,1,1,3
0.071418479,29.74906667,58,2,2,2,2,2,2,2,2,2,0,2,2,2,2,2,4
0.073076171,29.88381667,55,-1,-1,-2,0,-2,1,1,0,0,0,0,0,1,-2,-2,5
0.073421133,30.00906667,56,0,1,-1,-2,-2,0,-1,-2,-1,-1,-2,-2,-2,-2,-2,6
0.074374517,30.20621667,54,2,2,2,0,1,0,0,1,2,2,2,0,1,1,1,7
0.075889317,30.2911,54,-1,-1,-2,-2,-2,-2,-2,-2,-2,-2,-2,-2,-2,-2,-2,8
0.0757152,30.39543333,55,1,2,0,1,1,1,0,1,1,1,1,1,0,1,1,9
0.075055392,30.48678333,54,0,0,-1,0,1,1,1,-1,-1,-1,1,2,2,1,0,10
0.075513675,30.5655,55,0,0,-1,-2,-2,-2,-2,-2,-1,-1,-2,-1,0,-2,-2,11
0.075841683,30.63481667,54,0,0,0,1,-1,0,0,-1,-1,-1,0,1,0,1,1,12
0.076158642,30.69965,56,0,0,0,-1,-2,-2,-1,-2,-1,-1,-1,-2,-2,-2,-2,13
0.073815667,30.88863333,56,0,0,1,1,1,1,1,1,1,1,1,1,1,1,2,14
0.073815667,30.88863333,56,-2,0,-1,-2,-2,-2,-2,-2,-2,-2,-2,-2,-2,-2,-2,15
0.073842417,30.93455,56,0,0,-1,-1,-2,-2,-2,-2,-2,-2,-2,-2,-2,-2,-2,16
0.075007158,30.99776667,55,-1,-1,-2,-2,-2,-2,-2,-2,-2,-2,-2,-2,-2,-2,-2,17
0.076662908,31.06673333,59,2,2,2,2,1,2,2,2,2,2,2,2,2,2,2,18
0.075987054,31.13765,57,1,1,0,0,-1,1,1,1,0,0,2,2,2,0,0,19
0.075987054,31.13765,57,0,1,-2,-2,-2,-2,-2,-2,-2,-2,-2,-2,-2,-2,-2,20
0.075240029,31.2038,58,-1,-2,-2,-2,-2,-2,-2,-2,-2,-2,-2,-2,-2,-2,-2,21
0.075909812,31.26363333,55,0,0,1,-1,-2,-1,-2,-2,-2,-1,-2,-2,-2,-2,0,22
0.075909812,31.26363333,55,0,1,0,0,0,0,0,-2,-1,-1,0,1,0,0,-1,23
0.076032646,31.36253333,59,1,1,0,0,0,1,0,0,0,0,0,0,0,0,0,24
0.076100121,31.38766667,60,0,0,-1,-1,0,0,0,-1,0,-1,-1,-1,0,-1,-2,25
0.076100121,31.38766667,60,-1,1,-2,-2,-2,-2,-2,-2,-2,-2,-2,-2,-2,-2,-2,26
0.075457662,31.40673333,57,1,1,1,1,1,1,1,0,-1,-1,1,1,1,1,2,27
0.075723883,31.42676667,56,0,1,-2,-1,-2,0,0,-2,-2,-2,-2,-2,-2,-2,-2,28
0.077044025,31.45653333,57,1,1,1,1,1,1,1,1,-1,-1,1,0,2,1,1,29
0.076771558,31.4736,59,0,0,-1,0,-2,-1,-1,-2,-1,-1,-1,-2,-2,-2,-2,30
0.076769638,31.4892,59,1,1,2,-2,-2,-2,-2,-2,-2,-2,-2,-2,-2,-2,0,31
0.076769638,31.4892,59,0,0,-2,-2,-2,-2,-2,-2,-2,-2,-2,-2,-2,-2,-1,32
0.077669842,31.51693333,57,-1,-1,-1,-2,-2,-2,-2,-2,-2,-1,-2,-2,-2,-2,-2,33
0.081047938,31.54726667,55,0,1,1,1,1,-1,-1,2,1,1,1,-1,-2,0,0,34
0.07333155,31.5815,56,-1,0,0,0,1,0,0,1,1,1,1,-1,0,-1,-1,35
0.071141021,31.59295,56,0,1,-1,-1,-2,0,0,-2,-2,-2,-1,-1,-1,-1,-1,36
0.071878658,31.602,56,0,0,-2,-2,-2,0,-1,-2,-2,-2,-2,-2,-1,-2,-2,37
0.072199133,31.61971667,54,0,-1,2,0,-1,0,1,-2,-2,-2,0,0,0,0,1,38
0.072723096,31.61666667,58,0,0,-2,-2,-2,-2,-2,-2,-2,-2,-2,-2,-2,-2,-2,39
0.071787163,31.61625,58,0,-1,0,0,0,0,1,-2,-1,-2,0,0,0,0,2,40
0.073257512,31.61045,60,0,0,0,-1,-1,0,0,-2,0,0,0,-1,1,0,0,41
0.070333137,31.60465,60,0,-1,-1,-1,-1,-2,-1,-2,-2,-2,-2,-2,-2,-2,-2,42
0.069727254,31.59166667,63,0,0,0,0,0,1,1,0,-2,-2,0,0,1,0,1,43
0.068475283,31.5724,63,0,1,-2,-2,-2,-2,-2,-2,-2,-2,-2,-2,-2,-2,-2,44
0.068812775,31.55463333,63,0,1,0,-1,-1,0,-2,-2,-2,-2,-2,-2,-2,-2,-2,45
0.069798383,31.5477,63,-1,-2,-2,-2,-2,-2,-2,-2,-2,-2,-2,-2,-2,-2,-2,46
0.069798383,31.5477,63,1,1,1,1,1,1,1,-2,-2,-2,2,2,2,2,2,47
0.072223004,31.5308,62,0,1,0,-1,-2,1,1,-2,-2,-2,1,-2,-2,-2,-2,48
0.070242304,31.48128333,60,1,1,1,0,1,1,1,1,1,1,1,0,0,1,1,49
0.036031025,31.15306667,63,-2,-2,-2,-2,-2,-2,-2,-2,-2,-2,-2,-2,-2,-2,-2,50
0.014297552,31.4588,68,0,0,1,-1,-1,-1,0,0,0,0,0,0,0,-1,-1,1
0.015147358,31.45436667,69,1,1,1,1,1,0,1,0,1,0,0,0,0,1,1,2
0.019599331,31.46146667,70,1,1,1,1,1,0,0,0,0,1,1,1,1,1,1,3
0.025902225,31.50133333,66,-1,0,-1,0,0,-1,-1,1,1,0,-1,-1,-1,0,0,4
0.025902225,31.50133333,66,-2,-2,-2,-2,-2,-2,-2,-2,-2,-2,-2,-2,-2,-2,-2,5
0.027946149,31.51563333,71,1,1,2,2,2,0,0,1,1,1,1,1,1,2,2,6
0.027946149,31.51563333,71,2,2,2,2,2,2,2,2,2,2,2,2,2,2,2,7
0.028200663,31.5425,73,1,0,1,1,1,1,1,1,0,0,1,1,1,1,1,8
0.030840062,31.5607,71,1,1,1,0,0,0,0,0,0,0,1,1,1,1,1,9
0.032323692,31.56981667,75,-1,0,-1,-1,-1,-1,-1,-1,-1,0,0,-1,-1,-1,0,10
0.032323692,31.56981667,75,1,1,1,1,1,1,1,1,1,1,1,1,1,2,2,11
0.034746996,31.60105,71,2,2,2,1,1,1,1,1,1,1,0,0,1,1,1,12
0.037764703,31.62973333,70,1,1,1,1,0,1,1,1,1,1,1,1,1,1,1,13
0.040078929,31.64013333,69,2,2,2,2,1,2,2,2,1,2,2,1,1,2,2,14
0.040078929,31.64013333,69,1,1,2,0,0,0,0,1,1,1,1,1,1,2,2,15
0.041427946,31.64923333,71,2,2,1,0,0,0,0,0,0,1,1,1,1,1,1,16
0.044197008,31.6644,71,0,0,0,-1,-1,-1,-1,-1,-1,-1,-1,-1,-1,-1,-1,17
0.044197008,31.6644,71,1,1,1,1,1,1,0,1,1,1,1,1,1,2,2,18
0.044329521,31.67003333,71,0,0,1,-1,-1,0,0,0,0,0,0,0,0,-1,-1,19
0.044979208,31.67826667,68,-2,-2,0,-1,-1,0,-1,-1,-1,-1,-1,-1,-1,-1,-1,20
0.047176108,31.68606667,73,0,0,0,0,-1,0,0,-1,-1,-1,0,0,0,0,0,21
0.048824754,31.69516667,70,1,1,1,1,1,0,0,1,1,1,1,1,1,1,1,22
0.05076015,31.7009322,70,1,0,0,0,0,0,0,0,0,0,0,0,0,0,0,23
0.052242841,31.70903333,75,1,1,1,1,1,1,1,1,1,1,1,1,1,1,1,24
0.052242841,31.70903333,75,0,0,0,1,1,1,1,0,0,0,0,1,1,1,1,25
0.053466849,31.6969,78,1,1,1,0,0,0,0,0,-1,-1,0,0,0,0,0,26
0.058059613,31.70109836,78,2,2,1,0,0,0,0,0,0,0,1,1,1,1,1,27
0.058059613,31.70109836,78,2,2,2,1,0,1,1,1,1,1,2,2,1,1,1,28
0.060492742,31.7034,76,2,2,1,2,2,1,1,1,2,2,1,1,1,1,1,29
0.060492742,31.7034,76,1,1,2,1,1,1,1,1,1,1,1,2,1,1,1,30
0.063562232,31.6956,78,1,1,0,1,1,0,0,0,1,1,1,1,1,1,1,31
0.064798979,31.68110169,73,2,2,2,-2,-2,2,2,1,1,1,1,0,1,0,0,32
0.06659375,31.6865,69,2,2,1,1,1,1,1,1,1,1,1,1,1,1,1,33
0.066803046,31.7138,68,1,1,0,1,1,1,1,1,1,1,1,1,1,1,1,34
0.066803046,31.7138,68,1,1,0,1,1,1,1,1,0,0,1,1,1,1,1,35
0.068174025,31.74336066,73,0,0,0,0,-1,0,0,-1,-1,0,0,-1,-1,0,0,36
0.069064279,31.72983333,72,2,2,1,1,1,1,1,1,1,0,0,1,1,1,1,37
0.069064279,31.72983333,72,1,1,1,1,2,1,1,1,1,1,1,1,1,2,2,38
0.074881783,31.70383333,73,1,1,0,1,1,0,0,1,1,1,1,1,1,1,1,39
0.073482938,31.65486667,76,2,2,2,2,1,1,1,2,2,2,2,1,1,2,2,40
0.073482938,31.65486667,76,2,2,1,2,2,2,2,2,2,1,1,1,1,2,2,41
0.076632654,31.62015,75,2,2,2,-2,-2,0,0,0,0,0,-2,-2,-2,0,0,42
0.078127812,31.59481667,74,2,2,1,0,-1,-1,-1,0,0,0,-1,-1,-1,0,0,43
0.078964608,31.562,76,2,2,1,-1,-1,-2,-2,-1,-1,-1,-1,-1,-1,-1,-1,44
0.080772071,31.53686667,71,2,2,1,-2,-2,0,0,0,0,0,-2,-2,-2,0,0,45
0.080772071,31.53686667,71,2,2,1,2,2,2,2,2,1,1,1,1,1,2,2,46
0.082809167,31.50783333,72,1,1,1,0,0,0,0,0,0,0,0,0,0,0,0,47
0.082809167,31.50783333,72,0,0,0,-1,-1,-1,-1,-1,-1,-1,-1,0,0,-1,-1,48
0.082713533,31.47836667,70,2,2,2,1,1,1,1,1,1,1,1,1,1,2,2,49
0.082713533,31.47836667,70,1,1,1,0,0,0,1,1,1,0,0,0,0,0,0,50
0.093510854,32.42243333,73,1,1,1,1,0,-1,-1,-1,-1,-1,-1,1,-1,-1,-1,1
0.093510854,32.42243333,73,1,0,1,1,1,1,1,1,0,0,2,1,1,1,1,2
0.011916675,29.8704,70,0,1,0,0,-1,0,0,0,1,1,-1,0,-1,-1,-1,3
0.01494215,30.16658333,74,-1,1,-1,1,1,0,1,0,-1,0,1,1,1,1,0,4
0.017508504,30.25273333,74,-1,0,-1,-1,-1,-1,0,-1,1,1,-2,-1,-1,-2,-2,5
0.018795625,30.32126667,77,-1,0,-1,0,-2,-1,-1,-2,1,1,-2,-1,-1,-2,-2,6
0.020716845,30.40021667,76,1,1,1,-1,-1,-1,-2,0,-1,1,0,-1,-2,-1,0,7
0.023690854,30.52346667,80,-1,0,-1,-1,1,-1,-2,1,2,1,0,-1,-1,0,-1,8
0.024636382,30.5822,73,-2,1,-1,-1,1,-2,-2,1,1,-1,-1,-2,-2,-1,-1,9
0.026605301,30.6917,75,1,-1,0,1,1,0,0,-1,-1,-1,0,1,1,0,1,10
0.028054231,30.7332,75,-1,1,-1,-1,-1,-1,-2,-1,1,-1,-1,-1,-2,-1,-1,11
0.030897174,30.77733333,79,-2,0,-2,-1,0,-1,-1,0,2,-1,-1,-1,-1,-2,-2,12
0.031549667,30.82108333,75,-1,0,-1,-1,-1,-2,-2,-2,-1,-1,-1,-1,-2,-2,-2,13
0.033646908,30.89353333,78,-1,0,-1,0,1,-1,-2,1,-1,0,0,-1,-1,-1,-1,14
0.034762871,30.9871,73,0,1,0,1,0,0,-1,0,1,1,-1,1,1,0,0,15
0.036757463,31.18241667,82,0,1,1,-1,0,-2,-2,0,1,1,-2,-2,-2,-1,-1,16
0.039583208,31.27101667,72,0,1,1,1,1,-1,-1,1,-1,1,-1,-1,-2,-1,-1,17
0.039583208,31.27101667,72,1,-1,0,1,1,0,1,1,0,0,-1,-1,-1,-1,-1,18
0.041595088,31.34251667,73,1,1,1,2,2,1,1,0,-1,1,2,1,1,1,1,19
0.047862413,31.50826667,75,0,0,0,1,1,1,1,0,-1,1,1,1,1,1,1,20
0.049915017,31.60983333,72,1,1,1,1,1,0,0,1,1,1,1,1,0,1,1,21
0.049915017,31.60983333,72,-1,-1,-1,-1,-2,-2,-2,-2,1,-2,-2,-2,-2,-1,-1,22
0.051095883,31.7008,74,-1,-1,-2,1,0,0,-1,-1,-1,-1,-1,-1,-1,-1,-1,23
0.053126954,31.7813,79,-1,1,0,1,1,0,0,1,1,1,1,1,1,1,1,24
0.054545925,31.86083333,72,-2,0,-1,1,2,1,1,0,1,1,1,1,1,1,1,25
0.056386921,31.93481667,71,0,0,0,-1,-1,-1,-2,-1,1,1,-2,-2,-2,-1,-1,26
0.058227838,32.00526667,75,0,0,0,1,1,2,1,0,0,0,1,2,1,1,1,27
0.058664692,32.10042373,73,-1,0,-1,-1,-1,-1,-2,1,1,-1,-1,-2,-2,-1,-1,28
0.060679887,32.17621311,79,-1,1,1,1,1,0,0,-1,-1,-1,0,0,0,0,1,29
0.062804567,32.2397,75,0,-1,-1,0,0,-1,-2,-1,-1,-1,0,-1,-1,-1,0,30
0.062804567,32.2397,75,-1,0,-1,-1,-1,-2,-2,-1,1,-1,-1,-2,-2,-1,-1,31
0.064108649,32.32406667,72,-1,0,-1,1,2,2,1,-1,0,0,2,1,0,1,2,32
0.064941871,32.34708475,72,-1,-1,-1,-1,-1,-1,-1,-1,-1,0,-1,-1,-1,-1,-1,33
0.066740975,32.35483333,70,1,1,1,-1,1,-1,-1,1,-1,0,1,-1,-1,1,1,34
0.066740975,32.35483333,70,-1,0,0,1,1,0,0,1,1,-1,2,1,1,1,1,35
0.0673276,32.36318033,71,1,1,0,1,-1,-1,0,1,1,-1,0,1,-1,-1,-1,36
0.068090875,32.37,74,0,1,1,0,1,0,0,-1,1,-1,0,0,-1,0,0,37
0.068090875,32.37,74,-2,0,-1,-1,1,-1,-2,1,1,-1,-1,-1,-1,-1,0,38
0.071852,32.36913333,78,0,0,0,1,0,-1,-1,-1,1,-1,-1,0,1,1,1,39
0.070323492,32.39036667,72,-1,-1,-1,-1,-1,-2,-2,-2,-2,1,-2,-2,-2,-2,-2,40
0.070221242,32.40076667,66,-1,0,0,0,1,0,0,-1,1,-1,0,-1,1,-1,0,41
0.073598858,32.39253333,68,-1,0,-1,1,1,-1,-1,0,0,1,1,1,1,1,0,42
0.074731858,32.39903333,69,-2,-1,-1,1,0,1,0,0,-1,0,1,1,1,0,-1,43
0.076543225,32.422,71,1,0,0,1,2,-1,-1,1,1,-1,0,1,0,0,1,44
0.076813517,32.44063333,73,0,0,-1,1,-1,0,-2,-1,-1,-1,-2,0,-1,-1,-1,45
0.077729754,32.4649,71,1,1,1,0,1,-2,-2,2,2,0,1,-1,-1,1,2,46
0.078837379,32.44973333,73,-1,1,0,1,2,1,1,0,-1,1,1,0,0,1,1,47
0.078837379,32.44973333,73,-1,-1,-1,0,-1,-1,0,0,1,-1,-1,-1,-1,-1,-1,48
0.0800148,32.41766667,68,-1,0,0,1,1,0,-1,1,1,-1,1,-1,-1,1,1,49
0.0800148,32.41766667,68,-1,-1,-1,0,-2,1,0,-1,0,1,-1,-1,0,-1,-2,50
0.075449963,30.48991667,85,-1,0,-1,1,1,-2,-2,-1,-2,-2,2,1,-1,1,0,1
0.076268519,30.60548333,86,2,2,2,1,1,2,2,2,2,0,1,1,0,2,1,2
0.076083239,30.67715,87,2,2,1,1,2,1,1,1,2,1,0,1,0,1,1,3
0.075470858,30.7301,85,2,1,2,2,2,2,2,1,1,2,2,2,2,2,2,4
0.077044855,30.7836,86,-2,-2,-1,-1,-2,-1,-2,-2,-2,-2,-2,-1,0,-2,-2,5
0.078755017,30.83175,88,-2,0,-1,-2,-2,-2,-1,-1,-1,-2,-2,-2,-1,-1,-1,6
0.076271792,30.84836667,82,2,1,2,2,2,2,1,1,2,2,1,1,0,1,1,7
0.0752135,30.8579,83,1,0,0,0,1,0,0,1,-1,-1,1,0,0,0,0,8
0.075302692,30.89568333,82,1,1,1,2,2,2,2,2,2,2,2,1,2,2,2,9
0.076555846,30.91303333,84,1,2,1,1,1,0,1,1,1,1,2,1,1,1,1,10
0.077120542,30.84313333,85,-1,0,-2,-2,-2,0,-1,-1,0,-1,0,-2,-2,-1,-1,11
0.078377196,30.83536667,87,1,2,2,2,2,1,1,2,2,1,2,2,1,2,2,12
0.078959479,30.8323,88,0,0,0,1,1,1,0,1,1,1,0,0,0,1,0,13
0.077831671,30.82213333,89,1,2,1,2,2,2,1,2,2,2,2,1,1,1,1,14
0.077001158,30.80371667,80,1,1,1,2,2,2,2,1,1,1,1,1,1,2,1,15
0.077196229,30.78715,84,-1,0,-1,0,1,0,-1,0,0,0,-1,-1,0,-1,-1,16
0.076992012,30.76506667,85,1,1,1,2,2,1,1,2,1,1,1,1,1,1,1,17
0.077448313,30.74413333,85,1,1,1,2,2,2,2,2,2,1,2,2,1,2,1,18
0.077577096,30.7805,86,-1,0,-1,-1,-2,0,0,-1,-1,-2,-1,-2,-2,-1,-1,19
0.078327745,30.84473333,84,-1,-1,-1,-2,-2,-2,-2,-2,-1,-1,-2,-2,-1,-2,-2,20
0.080296967,30.93108333,86,1,1,2,2,2,2,1,1,1,0,1,2,2,2,2,21
0.08023375,31.00565,84,-2,-1,-2,-1,0,0,-1,0,0,-1,-1,-1,-1,-1,-1,22
0.080925329,31.0624,84,0,0,0,-1,0,0,0,-1,-2,-2,-1,-1,-1,-1,-1,23
0.079655867,31.1014,83,1,2,1,2,2,2,2,2,2,1,2,2,1,2,1,24
0.080391904,31.1079,82,0,0,0,1,1,0,0,0,1,0,0,0,0,0,0,25
0.080102987,31.10356667,81,1,1,1,2,2,1,1,2,1,1,1,1,1,1,1,26
0.080915617,31.09446667,83,2,2,2,2,2,2,1,1,2,1,2,2,2,2,2,27
0.082445758,31.08623333,80,-1,-1,-2,-2,-2,-2,-2,-2,-1,-1,-2,-2,-2,-2,-2,28
0.083559671,31.08883333,82,1,1,1,1,0,1,2,1,1,1,1,1,1,1,1,29
0.083648683,31.05763333,82,0,0,0,1,1,1,0,1,1,1,0,1,1,1,1,30
0.082500567,31.01145763,82,-1,-1,-2,0,0,1,0,1,1,0,-1,0,0,0,0,31
0.083093004,30.96196667,81,1,2,2,2,2,-2,-2,-1,-1,-1,1,1,0,1,1,32
0.084196779,30.92191803,83,1,1,1,2,2,2,1,2,2,1,2,1,1,1,1,33
0.084181421,30.90778333,84,2,2,1,2,2,2,2,2,1,2,2,2,1,1,2,34
0.084091163,30.87141667,83,1,1,1,1,0,1,1,1,1,1,1,2,0,1,1,35
0.083763033,30.84181667,83,-1,0,0,0,-1,-1,0,0,-1,-2,-2,-1,-1,-1,-1,36
0.083971075,30.80333333,81,0,0,0,-1,-2,0,-2,-1,0,0,-1,-1,-1,-1,-1,37
0.083563846,30.72531667,83,0,0,0,1,1,0,1,1,1,1,1,1,1,1,1,38
0.081333421,30.69201667,81,-2,-1,-2,-2,-2,-1,-2,0,1,0,-2,-2,-2,-2,-2,39
0.07586145,30.65113333,81,1,1,0,2,2,2,1,2,2,1,2,1,1,1,1,40
0.076178604,30.5919,80,2,1,2,2,2,1,2,1,1,1,2,2,2,1,2,41
0.076178604,30.5919,80,0,1,0,2,1,1,1,1,1,1,1,2,1,1,1,42
0.076726367,30.47845,79,-1,-1,0,2,1,1,1,1,1,0,2,1,2,1,1,43
0.076726367,30.47845,79,-1,-1,-1,1,1,-1,-2,-2,-1,-2,-1,1,0,0,0,44
0.001051579,29.67316667,78,-1,-1,0,-1,-2,-2,-2,-2,-2,-2,-2,-1,-1,-1,-1,45
0.251796383,28.0546,77,-1,0,0,-1,-2,-2,-1,-2,-2,-2,-2,-1,-2,-2,-2,46
0.408554042,25.10926667,86,2,1,2,2,2,1,2,2,2,2,2,2,2,2,2,47
0.020925483,24.48538333,0,-2,-1,-1,-2,-2,-1,-1,-2,-2,-2,-2,-2,-2,-1,-2,48
0.005221967,23.79586667,0,0,1,1,-1,-2,0,-1,-1,-1,-1,-1,-1,0,-1,-1,49
0.005221967,23.79586667,0,-1,0,-1,-1,-1,-1,-2,-1,-1,-1,-2,0,-1,-1,-1,50
0.030019846,31.261,78,0,0,0,0,1,-2,1,0,1,1,1,1,1,0,-1,1
0.032343446,31.25926667,76,0,-1,-1,-1,-1,-1,-1,-1,0,-1,-1,-1,0,-2,-2,2
0.032714394,31.23673333,80,0,1,1,1,1,1,1,1,1,1,1,1,0,1,1,3
0.032849312,31.09143333,76,-1,1,0,1,1,0,0,1,1,1,0,1,1,1,0,4
0.033179592,31.03856667,76,-2,-2,-2,-2,-1,-1,-2,-2,-2,-2,-2,-1,-1,-2,-2,5
0.034474863,30.99368333,77,1,1,1,0,0,1,1,1,1,1,-1,0,-1,1,0,6
0.036200929,30.93976667,79,0,-1,0,1,1,0,0,2,2,2,2,1,1,1,1,7
0.036464896,30.93003333,77,1,-1,0,2,2,0,0,0,0,0,1,2,1,1,0,8
0.037235062,30.99508333,79,1,1,1,2,2,2,2,2,2,2,2,2,0,2,2,9
0.038266988,31.0455,78,-1,-1,-1,-1,-1,-1,-1,-1,-1,-1,-1,-1,0,-1,-1,10
0.038169438,31.0884,78,0,0,0,0,0,1,1,0,0,0,0,0,1,0,0,11
0.039753738,31.14933333,79,1,0,0,1,1,0,2,2,2,2,1,2,1,1,1,12
0.040409854,31.16411667,84,0,0,0,-1,-1,-1,0,-1,0,0,0,0,0,0,0,13
0.042658983,31.18126667,77,1,0,1,2,2,1,2,2,2,2,1,2,2,2,1,14
0.044206513,31.1668,79,1,0,0,1,1,1,1,0,0,0,2,1,0,1,0,15
0.047336742,31.17515,76,0,0,0,1,1,1,0,1,2,1,1,1,1,1,0,16
0.046835717,31.18993333,77,1,1,1,0,0,-2,-1,-1,-1,-1,-1,-1,-1,-1,-1,17
0.048066392,31.17345,84,1,0,0,1,2,2,2,2,2,2,2,1,1,1,1,18
0.047608179,31.17431667,75,0,0,0,-2,-2,-1,1,-1,-1,-1,-1,-2,-1,-1,-1,19
0.049702388,31.1817,74,1,1,1,1,1,1,0,0,0,0,1,0,0,1,0,20
0.05019285,31.2077,75,-1,0,-1,-2,-2,-2,-2,-2,-2,-2,-2,-2,-2,-2,-2,21
0.050640683,31.24366667,77,-1,0,0,0,1,1,1,2,2,2,1,1,0,1,0,22
0.051950913,31.2532,81,1,0,1,1,0,-1,-1,1,1,1,1,1,0,1,0,23
0.053402554,31.24713333,76,0,0,0,-1,-1,-1,-1,0,0,0,0,0,0,-1,-1,24
0.053402554,31.24713333,76,0,-1,-1,0,0,0,1,0,0,0,0,0,0,0,0,25
0.053129587,31.26533333,74,1,1,1,-2,-2,-2,-1,-2,-2,-2,0,-1,0,-1,-1,26
0.053773646,31.2831,76,1,0,1,2,2,1,1,1,1,1,2,1,1,1,1,27
0.052866858,31.2996,82,-1,-1,-1,-2,-2,-2,-2,-1,-1,-1,-1,-1,-1,-1,-1,28
0.056370667,31.29176667,75,1,1,1,2,2,2,2,2,2,2,2,2,2,2,2,29
0.057875254,31.27486667,72,0,1,1,1,1,1,1,1,1,1,2,1,1,1,1,30
0.058544171,31.2727,72,0,0,0,-1,0,-1,0,0,0,0,1,1,0,0,0,31
0.059916529,31.23846667,75,0,0,0,-1,0,0,0,0,0,0,0,0,0,0,0,32
0.060363213,31.2038,75,0,1,0,1,0,0,0,0,1,1,1,1,0,0,0,33
0.062917188,31.26576667,80,0,0,0,2,2,2,0,2,2,2,2,2,0,1,1,34
0.063037179,31.29135,78,0,0,0,1,1,0,0,1,1,1,0,0,0,0,0,35
0.063635383,31.274,74,0,0,0,0,0,0,0,0,0,1,0,0,-1,0,0,36
0.064539088,31.27313333,76,1,1,1,1,1,1,1,1,1,1,1,1,0,1,1,37
0.063311504,31.24451667,76,0,1,1,2,2,1,2,2,2,2,2,1,1,2,1,38
0.063311504,31.24451667,76,0,1,0,0,0,0,0,0,0,0,0,0,0,0,0,39
0.063233108,31.2155,74,0,1,1,2,2,1,1,2,2,2,2,2,1,1,2,40
0.063265375,31.18603333,77,1,1,1,1,1,1,2,1,1,1,2,1,1,1,1,41
0.065521498,31.1908,78,0,1,0,0,0,0,-2,-2,-2,-2,-2,-1,-2,-1,-2,42
0.065227708,31.20206667,75,-1,-1,-1,1,1,0,1,0,0,0,0,1,1,1,0,43
0.065823216,31.22243333,76,-1,0,0,-2,-2,1,1,1,1,1,1,0,0,0,1,44
0.066426133,31.23846667,77,-1,0,0,-1,-2,-1,-2,0,0,0,-1,-1,-1,-1,-1,45
0.068334275,31.22936667,77,0,0,0,1,1,1,1,1,1,1,2,1,0,1,1,46
0.069462437,31.2064,71,0,1,1,2,2,1,1,2,2,2,1,1,0,2,1,47
0.069388496,31.18078333,72,0,1,0,1,0,0,0,1,1,1,0,2,2,1,0,48
0.008967796,30.28361667,71,0,1,1,2,2,2,2,2,2,2,2,2,2,2,1,49
0.001960029,29.00481667,72,-1,-1,-1,-2,-2,-1,-2,-2,-2,-2,-2,0,-1,-1,-2,50
0.005503425,30.03455,103,0,0,1,-1,1,-2,-2,0,-1,-1,0,1,0,1,0,1
0.004892988,30.09916667,103,1,0,1,1,0,2,1,-1,-1,0,1,1,1,0,1,2
0.00543275,30.19466667,101,1,2,1,-1,-1,-1,-2,0,-1,-1,0,-1,0,0,0,3
0.005577287,30.26421667,100,0,1,0,1,-1,1,2,0,-1,0,0,0,1,1,0,4
0.005577287,30.26421667,100,-1,0,-2,-1,-1,1,-1,0,-1,0,-1,-1,0,-2,-2,5
0.006371925,30.42265,102,0,1,1,-1,-2,1,0,-2,-2,-1,-1,0,-1,-1,-2,6
0.007597233,30.53333333,100,1,1,1,1,2,1,1,1,2,1,1,0,0,1,1,7
0.006858996,30.57738333,98,0,1,1,-1,0,0,0,0,-1,-1,0,-1,0,-1,-1,8
0.006858996,30.57738333,98,0,1,1,0,1,1,1,1,1,2,1,0,0,1,1,9
0.007785725,30.6864,99,0,1,1,0,1,1,0,-1,-1,0,1,1,1,0,0,10
0.00817295,30.78578333,97,0,1,1,0,-1,1,0,-2,-1,1,1,0,0,0,0,11
0.007321958,30.88081667,97,0,0,1,1,1,1,1,0,-1,0,1,0,0,1,0,12
0.007173654,30.96853333,97,0,1,0,-1,-1,1,1,-2,-1,0,0,0,0,-1,-1,13
0.007173654,30.96853333,97,1,0,1,1,2,1,1,2,1,1,1,0,0,1,2,14
0.008565767,31.02071667,96,0,1,-1,0,-1,1,0,0,-1,-1,0,-1,0,-1,-1,15
0.008524829,31.0403,95,-1,-1,0,0,1,1,0,1,0,1,1,-1,0,0,1,16
0.008209004,31.02253333,96,0,1,0,0,-1,1,0,-1,-1,-1,1,0,0,1,0,17
0.009581046,31.07886667,94,1,1,1,2,1,1,1,1,1,1,2,0,1,1,2,18
0.009581046,31.07886667,94,1,1,1,1,-1,1,0,-1,-1,-1,1,1,1,1,0,19
0.009806367,31.1053,95,1,1,1,1,1,1,-1,0,0,0,1,0,0,1,0,20
0.010888896,31.0819,95,1,1,1,1,1,1,1,-2,-2,-2,1,1,1,1,1,21
0.009834725,31.0728,96,1,0,1,1,2,1,1,1,0,1,0,0,0,1,0,22
0.0106139,31.1053,96,1,-1,0,1,1,1,0,-1,-1,0,0,0,1,0,0,23
0.011070496,31.09403333,95,1,1,0,-1,0,1,0,-1,-1,1,0,1,1,0,0,24
0.010405542,31.07193333,93,-1,0,-1,0,1,1,0,0,0,1,1,0,0,1,0,25
0.010405542,31.07193333,93,0,-1,-1,0,-1,1,0,-2,-1,-1,0,0,0,-1,-1,26
0.011685821,31.0624,92,1,1,1,2,2,1,1,0,1,0,1,2,1,2,2,27
0.011410371,30.98841667,92,-1,1,-1,-1,-2,1,0,-1,-2,-1,-2,0,-1,-2,-2,28
0.011457192,30.9014,91,1,1,1,1,1,1,2,-1,1,1,1,1,1,2,1,29
0.010350675,30.86613333,85,1,1,1,0,-1,1,0,-2,-2,-1,1,0,1,1,0,30
0.011211427,30.8709,88,-1,0,0,1,0,1,1,0,0,2,1,1,0,1,0,31
0.011211682,30.82555,93,-1,1,-1,1,-1,1,0,-1,-1,-1,1,1,0,1,0,32
0.011978768,30.78091667,90,0,1,0,0,-1,1,0,-1,0,0,1,1,0,1,0,33
0.011978768,30.78091667,90,1,1,1,1,2,1,1,2,0,0,1,0,0,1,1,34
0.012363672,30.76508333,89,1,1,1,1,2,1,1,1,0,1,2,1,2,2,1,35
0.012566983,30.7691,89,-1,-1,-1,0,1,1,-1,-1,-2,-1,-1,0,-1,-2,-1,36
0.011952502,30.70625,89,1,1,1,0,-1,1,1,-1,-1,-2,1,1,0,-1,0,37
0.012688651,30.6759,90,0,1,1,1,1,1,0,1,0,-1,1,1,0,1,0,38
0.013129512,30.6706,87,0,0,1,1,1,1,1,-1,-1,-1,0,1,-1,-1,0,39
0.013129512,30.6706,87,1,1,1,1,1,1,1,1,0,0,1,0,0,1,0,40
0.012564183,30.60733333,90,1,1,0,1,2,1,1,-1,-1,-1,1,1,1,0,1,41
0.013089788,30.60343333,91,1,1,0,1,2,1,1,1,0,0,1,2,0,1,1,42
0.008419854,30.54426667,90,-1,-1,-1,1,1,1,1,-1,-1,-1,1,1,0,1,0,43
0.002369108,30.31056667,83,1,0,0,-1,0,1,-1,-1,-1,-1,0,1,0,0,1,44
0.002369108,30.31056667,83,1,-1,-1,-1,-2,0,-2,-1,-1,-1,-1,-1,-2,-2,-1,45
0.347672013,26.84081667,82,1,1,1,2,1,1,1,1,0,1,1,0,0,1,2,46
0.433475862,25.36458333,98,1,1,1,2,2,1,1,2,2,1,2,2,1,2,2,47
0.026935212,24.01906667,118,1,0,-1,-2,-1,1,1,-1,-1,-1,-1,0,0,-2,-1,48
0.012922225,23.32795,0,1,1,1,2,1,1,1,2,1,0,1,1,0,2,1,49
0.012922225,23.32795,0,-1,0,-1,-1,-1,-1,-1,-1,-1,-1,-1,0,0,-1,-1,50
0.009763734,27.5899,63,2,2,2,0,1,-2,-2,0,1,1,1,1,1,1,0,1
0.010088388,27.59305,66,2,2,1,2,1,2,2,1,2,1,0,2,1,2,2,2
0.011288033,27.58358333,66,2,2,2,1,2,2,2,2,2,2,2,2,1,2,2,3
0.011288033,27.58358333,66,-2,0,-2,1,2,2,0,1,2,2,1,2,2,-1,-1,4
0.012307811,27.59922034,67,-1,1,0,-2,-2,1,-1,0,-1,0,0,0,-1,-2,-2,5
0.0122784,27.6098,67,0,0,0,-1,-1,0,0,0,0,1,-2,-1,-2,-1,-2,6
0.012227529,27.61866667,67,0,1,1,1,0,1,1,1,1,1,1,1,1,1,1,7
0.011963521,27.60391667,67,-1,0,-1,-1,-2,0,-1,-2,-2,-2,-2,-1,-1,-2,-2,8
0.013862521,27.59215,68,1,1,2,2,1,1,1,1,1,1,1,1,1,1,1,9
0.013979908,27.6085,70,1,0,0,1,0,1,1,1,0,0,0,1,1,1,1,10
0.013979908,27.6085,70,-2,0,-1,-1,-1,1,1,1,1,1,-1,-1,0,-1,-1,11
0.013741963,27.6099,70,1,1,2,1,1,1,1,0,1,1,2,2,0,1,1,12
0.015173908,27.64713333,68,1,1,0,0,0,1,1,0,0,-1,0,1,1,0,0,13
0.0160806,27.70021667,65,-1,1,0,1,1,2,2,1,2,2,2,2,2,1,1,14
0.017184104,27.75431667,64,1,1,1,0,-1,1,-2,-1,-1,-1,0,-1,1,-1,-2,15
0.017184104,27.75431667,64,1,-1,0,1,1,1,2,2,2,2,2,2,2,1,1,16
0.018231271,27.79675,64,1,0,0,-1,0,-1,-2,1,1,1,0,0,0,-1,-1,17
0.018899029,27.82616667,65,1,1,1,2,2,2,1,1,1,0,1,2,1,1,1,18
0.018899029,27.82616667,65,1,2,2,2,2,2,2,2,2,1,2,2,2,2,2,19
0.01956915,27.87023333,64,1,1,1,0,-2,0,-2,-2,1,0,-1,-1,-1,-2,-2,20
0.02064675,27.93508333,70,-1,-1,-1,1,1,0,-1,-2,0,0,1,0,-1,0,-1,21
0.021875633,27.98295,65,0,1,-1,1,1,2,1,2,2,2,2,2,2,1,1,22
0.022449075,28.027,63,2,2,2,0,0,1,0,0,2,2,1,1,1,1,1,23
0.022449075,28.027,63,2,2,2,1,0,1,0,-2,-1,-1,1,0,-1,0,0,24
0.022590329,28.0666,66,-1,1,0,1,1,1,2,1,2,2,2,2,2,1,1,25
0.021452429,28.10575,67,0,-1,-1,-2,-2,1,1,2,2,2,2,2,0,-1,0,26
0.021452429,28.10575,67,2,2,2,2,2,2,2,2,2,2,2,2,2,2,2,27
0.020566375,28.16245,68,1,1,1,-2,-2,0,-2,-2,1,1,-2,-2,-2,-2,-2,28
0.021612333,28.2552,66,1,1,1,1,1,2,-1,0,2,1,0,-1,0,-1,0,29
0.021612333,28.2552,66,1,0,2,2,2,2,2,2,2,2,2,2,1,1,1,30
0.023691742,28.30025,72,-1,-1,-2,1,1,1,1,1,2,2,1,1,0,1,-2,31
0.023849133,28.3412,70,1,2,1,2,2,-1,-2,0,-1,-1,2,2,2,1,0,32
0.023747429,28.38845,70,-1,0,-1,2,2,2,2,2,2,0,1,1,0,0,0,33
0.025194413,28.4429,71,-1,0,0,2,2,2,2,2,2,2,2,2,2,2,0,34
0.025194413,28.4429,71,-1,1,0,2,2,2,2,2,1,1,2,2,2,2,-1,35
0.026369667,28.4951,67,1,2,1,2,2,2,-1,-1,-1,-1,2,2,1,1,1,36
0.028477338,28.5491,68,0,1,0,-1,0,1,1,2,2,2,1,1,0,0,0,37
0.028477338,28.5491,68,1,2,0,0,-1,1,1,1,-1,-1,1,-1,-1,-1,-2,38
0.030591792,28.57835,65,0,1,1,-2,0,0,-1,-1,0,-1,-2,0,-1,-2,-1,39
0.031939187,28.6355,66,0,1,1,2,2,2,2,2,2,2,2,2,2,1,1,40
0.033448588,28.7103,69,2,2,1,-1,-2,1,0,0,-1,-1,0,-2,-2,-1,-1,41
0.033448588,28.7103,69,0,2,2,2,2,2,2,1,2,2,2,2,2,2,2,42
0.034282471,28.785,68,-1,-1,0,-2,-2,2,1,1,0,1,-1,-1,1,-2,0,43
0.017198438,28.78331667,68,2,2,2,2,2,2,2,2,2,2,2,2,2,2,2,44
0.00419795,29.5571,66,1,2,1,-1,-2,1,-1,-1,-1,-2,-1,-1,-1,-2,-1,45
0.004235362,29.36433333,66,2,2,2,2,2,2,2,2,2,1,2,2,2,2,2,46
0.004235362,29.36433333,66,1,2,1,2,2,2,2,2,2,2,2,2,2,2,2,47
0.003355125,29.21946667,73,0,1,1,-2,-2,1,-2,-2,1,2,0,-1,-1,-2,-1,48
0.002290967,27.84728333,78,2,2,2,2,2,2,2,2,2,2,2,2,2,2,2,49
0.002290967,27.84728333,78,-1,0,0,-2,-2,1,-2,0,1,1,-2,-2,-2,-2,-1,50
0.054961421,26.94696667,55,2,2,2,2,2,-2,-1,1,1,2,2,2,1,1,2,1
0.058175904,26.95298333,55,1,0,0,1,1,1,1,0,0,0,1,0,0,0,0,2
0.060102325,26.93546667,73,2,2,2,0,0,2,1,1,1,1,0,0,0,0,1,3
0.064309967,26.91353333,86,2,2,2,2,2,2,2,2,2,2,2,2,2,2,2,4
0.061451883,26.88086667,87,1,1,1,0,0,-1,-1,0,0,0,0,-1,0,0,0,5
0.064067167,26.72761667,86,1,1,1,1,0,1,1,1,1,1,2,2,2,0,0,6
0.064067167,26.72761667,86,2,2,2,2,2,2,2,2,1,0,1,2,2,1,1,7
0.064232238,26.61313333,86,0,1,0,0,0,1,1,0,1,-1,1,0,0,0,0,8
0.067842058,26.65233333,84,2,2,2,2,2,2,2,2,2,-1,2,2,2,2,2,9
0.072757258,26.6682,84,0,1,0,1,1,1,0,0,0,0,0,1,0,0,0,10
0.074524829,26.6682,84,1,1,1,2,2,2,2,2,1,-1,0,1,1,0,1,11
0.078002692,26.6234,83,-1,0,-1,1,1,1,1,1,1,-1,1,1,1,0,-1,12
0.080072329,26.6136,83,1,2,0,-1,-1,1,1,-1,0,0,0,0,0,-1,-1,13
0.080072329,26.6136,83,1,2,2,2,2,1,2,2,1,0,2,2,1,1,1,14
0.084478863,26.61546667,83,2,2,2,2,2,2,2,2,2,1,1,2,2,2,2,15
0.086910708,26.6374,84,1,1,0,1,1,1,1,1,0,0,1,0,0,0,0,16
0.089455083,26.65513333,83,2,2,2,2,2,1,1,2,1,1,2,1,1,1,2,17
0.091165754,26.6705,83,0,1,0,1,2,2,2,2,1,1,1,2,2,1,0,18
0.093299508,26.68811667,84,1,2,2,2,2,2,1,0,0,0,1,2,2,1,2,19
0.093299508,26.68811667,84,2,2,2,2,2,1,1,2,2,2,1,2,2,1,2,20
0.094634646,26.71853333,83,1,1,1,-1,-1,0,0,-1,0,1,-2,-2,0,-1,-2,21
0.096370233,26.7358,83,1,2,1,1,2,2,2,2,1,0,1,1,1,1,1,22
0.101221063,26.78386667,83,0,1,0,1,1,0,1,-1,-1,0,0,0,1,-2,-1,23
0.102421408,26.79086667,83,1,1,1,-1,0,-1,-1,0,0,0,1,1,0,-2,-1,24
0.101633158,26.76613333,82,0,1,0,0,0,0,1,0,0,0,1,0,0,-2,-2,25
0.106093896,26.7554,82,1,1,1,-1,-2,-1,-2,-2,-2,-2,-2,-2,-2,-2,-2,26
0.108410412,26.76706667,82,1,1,1,2,2,0,0,-1,-1,0,1,1,0,-1,0,27
0.106765175,26.7904,82,1,1,1,0,0,-1,-1,-1,-1,-1,-1,-1,-1,-1,-2,28
0.106765175,26.7904,82,2,2,2,2,2,2,2,2,1,1,2,2,2,2,2,29
0.112875233,26.80906667,82,2,2,2,2,2,2,2,2,2,1,2,2,2,2,2,30
0.114927787,26.8086,83,0,1,-1,1,1,0,0,1,0,-1,0,0,0,0,0,31
0.112372471,26.78993333,82,2,2,2,2,2,-1,-1,1,1,1,1,2,2,1,2,32
0.110849667,26.76893333,83,2,2,2,2,2,2,2,2,1,0,1,1,0,2,1,33
0.110849667,26.76893333,83,1,1,1,1,0,1,1,1,1,0,1,1,1,2,1,34
0.115607042,26.76193333,83,2,2,2,2,1,2,2,1,0,0,2,1,2,1,1,35
0.118557075,26.7778,82,1,1,1,0,-1,-1,0,-1,-1,0,0,0,1,-1,-1,36
0.118557075,26.7778,82,1,1,1,2,2,2,2,2,1,0,1,2,2,2,1,37
0.119483692,26.79226667,82,-1,0,-1,-1,-1,0,0,-1,-1,-1,0,0,0,-1,-1,38
0.119483692,26.79226667,82,1,2,1,0,0,1,1,1,0,0,-1,-1,-1,-1,-1,39
0.121989021,26.80626667,82,1,1,1,1,0,1,1,0,0,0,1,0,0,0,-1,40
0.120710729,26.81041667,82,1,1,1,0,0,1,1,0,0,-1,0,0,1,0,-1,41
0.136666033,26.8622,82,1,1,1,-1,-1,-1,-1,-1,-1,-1,-1,-2,-1,-2,-2,42
0.142185358,26.86126667,83,0,0,0,1,1,0,1,0,-1,0,-1,0,-2,-2,-2,43
0.157977063,26.83181667,82,2,2,2,1,0,1,1,1,0,-1,1,0,0,0,1,44
0.164749921,26.80953333,83,1,1,1,-2,-2,-2,-2,-2,-2,0,-2,-1,-2,-2,-2,45
0.079211908,26.65953333,109,0,1,0,-1,-2,0,0,-1,0,-1,0,1,0,-2,-1,46
0.002339708,26.03538333,108,2,2,2,2,2,2,2,1,1,1,2,2,2,2,2,47
0.002339708,26.03538333,108,2,2,2,1,0,0,1,0,0,-1,0,1,0,0,0,48
0.002864938,25.13321667,96,2,2,2,2,2,2,2,2,2,1,2,2,2,2,2,49
0.002864938,25.13321667,96,0,-1,-1,-1,-1,-2,-2,-2,-1,-1,-2,-2,-1,-2,-2,50
0.01009215,31.17603333,85,0,2,1,-1,-1,-1,1,0,1,1,-1,0,-1,-2,-2,1
0.01009215,31.17603333,85,2,2,2,2,2,1,1,2,2,2,0,1,-1,0,2,2
0.0093956,31.16858333,85,1,2,1,2,2,2,-1,0,0,1,0,0,-1,1,1,3
0.009988858,31.17345,85,1,2,1,2,2,2,0,2,-1,1,1,0,1,2,2,4
0.009988858,31.17345,85,-1,1,-1,-1,-2,1,0,-1,-1,-1,-2,-2,-1,-2,-2,5
0.010383133,31.18256667,82,1,2,0,1,2,2,1,1,2,2,0,-1,0,1,0,6
0.010200804,31.18473333,84,2,2,2,2,2,1,1,2,1,0,1,0,1,1,2,7
0.026312092,31.15923333,83,0,1,0,0,-1,-1,0,-2,-2,0,-1,0,0,-1,-1,8
0.026312092,31.15923333,83,2,2,2,1,-2,-2,-2,-1,-1,-1,0,-1,1,1,-1,9
0.024977363,31.10833333,85,1,2,-2,-1,-2,1,-2,-1,-1,-1,0,1,-1,-1,-2,10
0.024977363,31.10833333,85,2,2,1,1,2,2,0,1,1,1,0,-1,-1,0,1,11
0.02039015,31.12531667,86,-2,-2,-1,0,-2,-1,-1,0,0,0,-1,-2,-2,-2,-2,12
0.018176121,31.14011667,86,2,2,0,1,-1,0,0,1,1,1,-1,-1,-1,0,0,13
0.018176121,31.14011667,86,2,2,2,2,2,1,1,2,0,0,0,1,0,1,2,14
0.0145847,31.15655,81,2,2,2,2,2,-1,-1,0,1,1,0,1,-1,1,1,15
0.012959588,31.15965,83,1,1,1,2,2,2,0,2,1,2,2,0,0,0,1,16
0.011293438,31.17298333,82,1,2,2,-1,0,-2,-2,-2,-2,-2,-1,-2,-2,-1,-1,17
0.011293438,31.17298333,82,1,2,1,1,2,0,1,2,0,0,1,-1,0,1,2,18
0.010732892,31.16053333,86,2,2,2,1,-2,1,1,2,2,2,0,0,1,0,0,19
0.01065815,31.137,86,2,2,2,1,1,-2,-2,1,-2,0,0,-1,-2,0,-1,20
0.01065815,31.137,86,-2,-2,-2,-2,-2,-2,-2,-2,-2,-2,-1,-2,1,-2,-2,21
0.01095075,31.12263333,88,1,2,2,2,1,0,2,2,0,0,1,-1,0,-1,0,22
0.010910342,31.11223333,89,2,2,2,2,1,2,0,-1,0,0,1,0,1,0,0,23
0.010910342,31.11223333,89,2,2,2,2,1,-1,0,-1,0,-1,0,0,0,1,0,24
0.010805213,31.10573333,86,-2,-2,-1,-2,-2,0,-1,-2,-1,-1,0,0,-1,-1,-1,25
0.011482567,31.07973333,86,2,2,2,1,2,-1,-1,0,1,1,0,-1,0,1,1,26
0.011482567,31.07973333,86,-1,2,-1,0,1,0,-1,1,1,1,-1,-1,-1,0,-1,27
0.011732113,31.0364,84,1,1,-1,-1,-2,0,1,1,1,1,0,-1,0,-1,0,28
0.011014838,30.98931667,81,1,0,-2,-1,1,-1,-2,-1,0,0,-1,-1,-2,-2,-1,29
0.011014838,30.98931667,81,2,2,2,2,1,2,2,2,0,0,1,0,0,1,1,30
0.010235406,30.96165,82,-2,0,-2,-1,-1,0,-1,1,1,0,0,-1,0,0,-1,31
0.011170664,30.95143333,83,-2,0,-2,0,1,-1,-1,1,0,0,-2,0,-1,-2,-2,32
0.011170664,30.95143333,83,2,2,2,1,-1,-1,0,-1,-1,-1,0,-1,0,0,-1,33
0.010961787,30.91955,84,-2,-1,-2,0,2,0,0,1,-1,-1,0,0,-1,0,0,34
0.010961787,30.91955,84,2,2,2,2,2,2,2,2,1,2,2,0,1,1,2,35
0.011081306,30.90203333,84,2,2,1,0,1,2,0,1,0,-1,0,-1,-2,0,-1,36
0.011081306,30.90203333,84,2,2,2,2,2,-1,-1,0,1,0,-1,0,-1,1,0,37
0.011871755,30.87181667,82,2,2,2,2,2,-2,-1,0,-1,-1,0,-1,0,-1,-1,38
0.010500191,30.84013333,81,0,2,1,0,-1,-2,-2,-1,0,-1,-1,-2,-2,-2,-1,39
0.010500191,30.84013333,81,2,2,2,1,0,0,1,0,1,0,1,-1,0,0,0,40
0.011855587,30.8172,84,0,1,1,1,0,0,1,0,-1,-1,0,2,1,1,1,41
0.012046828,30.79233333,85,-2,-2,-2,-1,-2,-2,-2,0,-1,0,-2,0,-1,-2,-2,42
0.009376379,30.70398333,86,0,-1,-2,-2,-2,-2,-2,0,-1,-1,-2,1,-2,-2,-2,43
0.009376379,30.70398333,86,1,2,1,0,2,-1,0,1,0,-1,0,0,1,1,0,44
0.089689733,30.57545,84,1,2,1,0,-2,-2,-2,-1,-2,-2,-1,0,1,-2,-1,45
0.089689733,30.57545,84,2,1,1,2,2,0,-1,0,-1,-2,-1,-1,-2,-1,0,46
0.001632452,29.45176667,84,2,1,1,0,1,0,0,1,0,-1,-1,0,-1,0,-1,47
0.001632452,29.45176667,84,2,2,2,2,0,1,1,-1,-2,-2,0,-1,0,1,0,48
0.001145204,28.2982,82,2,2,2,2,1,0,0,2,0,1,0,-1,0,1,1,49
0.001145204,28.2982,82,2,1,0,-1,-1,0,0,-1,-2,-2,0,-1,0,-2,-2,50
0.049032621,31.5035,86,1,-1,-1,1,1,-1,-2,0,0,0,1,1,-1,-1,-1,1
0.053463421,31.46443333,83,1,1,1,1,1,1,1,0,1,1,1,1,1,1,1,2
0.056150854,31.41848333,84,2,-2,1,1,1,1,1,1,0,0,-1,1,-1,-1,-1,3
0.058895259,31.40283333,85,-1,-2,-1,1,1,1,2,1,1,1,1,1,1,-1,-1,4
0.061758917,31.3972,88,1,-1,-2,-1,-1,1,-1,1,1,1,-2,0,-1,-2,-2,5
0.064017846,31.3491,85,-1,-1,-2,1,1,2,2,1,1,1,-1,-1,1,-1,-2,6
0.068244188,31.38246667,85,2,1,2,1,1,2,2,1,2,-1,1,1,1,1,2,7
0.07115915,31.52083333,84,2,2,1,-1,-2,1,1,-2,-1,-1,1,1,1,-1,-2,8
0.074146542,31.58876667,86,2,1,1,1,1,1,1,1,-1,-2,1,1,1,1,1,9
0.076626854,31.65833333,83,1,2,1,1,1,1,-1,1,1,1,1,1,-1,1,1,10
0.080267554,31.7333,84,1,-1,-1,1,1,1,1,1,1,-1,1,1,1,1,-1,11
0.083086675,31.74913333,86,1,1,1,-1,-1,-1,1,-1,1,0,-1,-1,-1,-1,-1,12
0.084125875,31.7719,84,1,-1,-1,1,1,1,1,1,1,-1,1,1,1,1,-1,13
0.086090233,31.77238333,84,1,1,1,1,1,1,1,1,1,1,1,1,1,1,1,14
0.089146487,31.76075,84,1,-1,-2,-1,-1,1,-1,1,1,1,-1,1,1,-1,-1,15
0.091263079,31.76791667,84,1,1,2,1,1,1,1,1,-1,1,1,1,1,1,1,16
0.093511996,31.7612,84,1,-1,-1,-1,-1,1,-1,1,1,1,-1,-1,-1,-1,-1,17
0.096846475,31.74905,83,1,1,1,2,1,1,1,1,1,1,1,1,1,1,1,18
0.098447707,31.7477,81,1,1,1,1,1,1,-1,1,1,1,1,2,1,1,1,19
0.100048146,31.75041667,83,1,-1,-1,-1,-1,1,-2,-1,-1,-1,1,1,-1,-1,-1,20
0.100436234,31.7372,84,1,-1,1,1,1,1,1,-1,1,1,1,-1,1,1,1,21
0.097945442,31.70903333,78,-1,-1,-1,1,1,1,1,1,1,1,1,1,1,1,-1,22
0.099410658,31.6774,81,1,1,-1,-1,-1,1,-1,1,1,1,-1,1,-1,-1,-1,23
0.104428529,31.57243333,80,1,1,1,-1,1,1,1,1,1,1,1,-1,1,1,-1,24
0.104428529,31.57243333,80,1,-1,-1,1,-1,1,-1,1,1,1,-1,-1,-1,-1,-1,25
0.106102938,31.5256,80,1,-1,-2,1,-1,1,1,-1,-1,1,-1,1,-1,-1,-2,26
0.108215519,31.4866,80,1,1,2,1,1,-1,-1,1,1,1,-1,1,1,1,2,27
0.108978612,31.45516667,84,1,-1,-2,-1,-1,1,1,-1,-1,-1,-1,-1,-1,-1,-2,28
0.110351304,31.4289,85,1,-1,1,1,-1,1,-1,1,1,1,1,1,-1,1,1,29
0.112186608,31.3959,84,1,-1,2,1,1,1,1,1,1,1,1,1,1,1,2,30
0.116733365,31.33215,81,-1,1,-1,1,1,1,1,1,1,-1,1,1,1,1,-1,31
0.120189879,31.30413333,87,1,1,1,1,1,-1,-1,-1,-1,1,1,1,1,1,1,32
0.121883904,31.2844,90,-1,-1,-1,1,1,1,1,1,1,1,1,1,1,1,-1,33
0.121883904,31.2844,90,1,-1,1,1,2,1,1,1,1,1,2,1,1,2,1,34
0.123008561,31.274,80,-1,-1,-1,1,1,1,1,1,1,1,1,1,1,1,-1,35
0.152172751,31.26056667,84,-1,-1,-1,-1,-1,1,-1,-1,-1,-1,-1,-1,1,-1,-2,36
0.155101154,31.20076667,79,1,-1,1,-1,-1,1,-1,1,-1,-1,-2,1,1,-1,-1,37
0.156455436,31.05373333,80,1,-1,-1,1,1,1,1,1,1,1,1,1,1,1,-1,38
0.158262063,30.94431667,80,-1,-1,-1,1,-1,1,1,1,1,1,-2,1,1,-1,-1,39
0.159904604,30.87201667,82,1,-1,-1,1,1,1,1,1,1,1,1,1,1,1,-2,40
0.162085129,30.78441667,79,1,-1,1,-1,-1,1,1,1,1,1,-2,1,1,-1,-1,41
0.163910117,30.72260656,83,1,-1,-1,-1,-2,1,1,1,1,1,-1,-1,1,-1,-1,42
0.164908258,30.66471667,79,1,-1,1,1,1,1,-1,1,1,1,1,1,-1,1,-1,43
0.169140267,30.60137288,79,-1,-2,-1,1,1,-1,-1,1,1,1,-1,1,-1,-1,-1,44
0.169140267,30.60137288,79,1,-1,-1,-1,-2,-1,-2,1,1,1,-1,-1,-1,-1,-2,45
0.171742913,30.54733333,81,1,1,1,1,1,1,1,1,-1,-2,1,1,-1,1,-1,46
0.136911883,30.46211475,87,-1,-1,-1,1,1,1,1,1,1,1,1,1,-1,1,-1,47
0.150404618,30.39345763,79,-1,-1,-2,-1,-2,1,-1,1,-1,-1,-1,-1,-1,-1,-2,48
0.013929175,29.65105,83,1,-2,1,1,2,1,1,1,1,-1,2,1,1,2,1,49
0.000606475,28.18268333,87,-1,-1,-2,-1,-2,-1,-1,1,1,1,-2,-1,-1,-2,-2,50
0.173169208,29.03541667,73,1,0,1,1,1,-2,-2,0,0,0,1,1,0,1,1,1
0.175559485,28.9596,74,1,0,1,1,1,2,2,2,1,1,1,1,1,1,1,2
0.178179204,28.90245,76,-1,0,-1,0,0,1,1,0,0,0,0,0,0,-1,-1,3
0.181044539,28.8453,76,1,1,2,2,2,2,2,0,0,0,1,1,1,2,2,4
0.181848667,28.794,81,0,0,0,0,1,1,0,0,0,0,-1,0,0,-1,-1,5
0.183233687,28.73953333,81,-1,-1,-1,-1,-1,1,1,-1,0,0,-1,0,0,-1,-1,6
0.185450117,28.69155,78,1,1,1,1,1,1,1,1,1,1,1,1,1,2,2,7
0.188176229,28.65215,76,0,0,0,0,-1,0,0,-1,-1,-1,-1,-1,0,-1,-1,8
0.188176229,28.65215,76,1,1,1,1,1,1,1,1,2,2,1,0,0,1,1,9
0.191303721,28.56215,80,0,0,-1,-1,0,1,1,0,0,0,0,0,0,0,0,10
0.193491967,28.54415,77,0,0,-1,-1,-1,0,0,-1,-1,-1,-1,0,0,-1,-1,11
0.194943592,28.5014,76,0,0,0,1,1,1,1,1,0,0,0,0,0,0,0,12
0.196522333,28.46225,76,0,0,0,-1,-1,0,0,-1,0,-1,0,0,0,-1,-1,13
0.199502212,28.40195,80,1,1,1,1,1,1,0,1,1,0,1,1,0,1,1,14
0.199502212,28.40195,80,-1,-1,-2,-2,-1,0,0,0,0,0,-2,-1,-1,-2,-2,15
0.202363933,28.3592,77,1,-2,0,0,-1,0,0,-1,-2,-1,-1,0,0,-1,0,16
0.202363933,28.3592,77,0,0,0,0,0,1,1,0,0,0,0,0,0,-1,-1,17
0.203597729,28.33805,72,1,1,1,1,1,1,1,1,1,1,1,1,1,2,2,18
0.204134213,28.32455,81,1,1,1,1,1,1,1,0,0,0,0,0,0,0,0,19
0.206827575,28.32275,79,-1,-1,-1,-1,-1,0,-1,0,0,0,-2,-1,0,-2,-2,20
0.206827575,28.32275,79,0,0,-1,-1,-1,-1,-1,-1,-1,-1,-1,-1,-1,-2,-2,21
0.210644083,28.3169,82,-1,0,-1,-1,-1,0,0,-1,-1,-1,0,0,0,-1,-1,22
0.212626308,28.32365,80,-1,0,-1,-1,0,1,0,-2,-2,-2,-2,-1,0,-2,-2,23
0.213202229,28.31555,82,0,0,0,1,1,1,0,1,0,0,0,0,0,0,0,24
0.214176929,28.29935,83,0,0,0,-1,-1,0,0,-1,-1,-1,-1,0,0,-1,-1,25
0.214753817,28.25523333,79,-1,-1,-1,-2,-2,0,0,-1,-1,-1,-1,0,0,-2,-2,26
0.215660842,28.19996667,77,0,0,0,1,1,0,0,0,0,0,1,0,0,0,0,27
0.215842167,28.1575,81,-1,-1,-2,-2,-2,-1,-1,-1,-1,-1,-1,0,0,-1,-1,28
0.216089383,28.12871667,86,0,0,0,-1,-1,0,0,0,1,0,0,0,0,0,0,29
0.217157929,28.0882,82,0,0,1,1,1,1,1,1,1,0,0,0,0,0,1,30
0.217898654,28.05805,84,-1,-1,-1,0,0,0,0,0,1,2,0,0,0,-1,-1,31
0.218445083,28.01395,84,-1,-1,-1,1,1,0,0,0,0,0,-1,1,0,-1,-1,32
0.219335146,27.98625,80,-1,-1,-1,-1,-1,0,0,0,0,0,0,0,0,-1,-1,33
0.219881012,27.96036667,83,1,1,1,0,2,1,0,1,0,0,0,0,0,1,1,34
0.219881012,27.96036667,83,-1,0,-1,-1,-1,0,0,-1,0,0,-1,0,0,-2,-2,35
0.220680875,27.93015,79,-1,0,0,0,1,1,1,0,-1,-1,0,0,0,-1,-1,36
0.219800992,27.8941,80,-1,-1,-1,-2,-2,0,0,-2,-2,-2,-2,0,0,-2,-2,37
0.2179994,27.82771667,80,1,1,1,1,1,1,1,1,1,1,1,0,0,1,1,38
0.212688233,27.74195,83,-2,-2,-2,-2,-1,-1,0,0,0,0,-1,0,0,-2,-2,39
0.212688233,27.74195,83,1,1,0,0,0,0,0,0,0,0,0,0,0,0,0,40
0.213732812,27.66108333,79,-1,-1,-1,-1,0,0,0,0,-1,-1,-1,0,0,-1,-1,41
0.182342975,27.55776667,90,-1,-1,-2,-1,-1,0,0,0,0,0,-1,0,0,-2,-2,42
0.111787917,25.66635,73,0,0,0,0,1,1,0,0,0,0,0,0,0,0,0,43
0.004312525,23.66266667,72,0,0,-1,-1,-1,0,0,0,0,0,-1,0,0,-1,-1,44
0.004312525,23.66266667,72,0,0,-1,-1,-1,-1,-1,-1,-1,-1,-1,0,0,-1,-1,45
0.004062821,24.56705,78,-1,-1,-2,-2,-2,-2,-1,-1,0,1,-1,0,0,-2,-2,46
0.001732388,25.07251667,89,0,0,0,0,1,0,0,0,1,1,0,0,0,0,0,47
0.001732388,25.07251667,89,1,1,1,1,2,2,1,1,1,1,1,1,0,1,1,48
0.001841625,24.67123333,0,-2,-2,-2,-2,-2,0,0,-2,-2,-2,-2,0,0,-2,-2,49
0.001841625,24.67123333,0,-2,-2,-2,-2,-2,-1,-1,-2,-2,-2,-2,0,0,-2,-2,50
0.5712562,28.23633333,85,0,-1,-1,0,-1,1,0,-1,-2,-1,1,1,-1,0,0,1
0.5712562,28.23633333,85,0,0,1,1,2,2,2,2,2,1,2,2,2,2,2,2
0.405988142,28.18766667,84,-2,1,-2,-2,-2,0,0,-1,-1,-1,-2,-2,-2,-2,-2,3
0.341893967,28.19261667,85,0,1,-1,1,1,1,1,1,1,1,0,0,1,0,0,4
0.333005817,28.2375,86,-2,-2,-2,-2,-2,-2,-2,-2,-2,-2,-2,-2,-2,-2,-2,5
0.301720987,28.29575,85,-1,-1,-1,0,-1,-1,-1,0,-1,-1,-2,1,0,-2,-2,6
0.266609808,28.35875,89,1,1,1,2,2,2,2,2,2,2,2,2,2,2,2,7
0.241526425,28.43615,86,-1,-1,-1,-1,0,0,-1,-1,-2,-2,-1,-1,0,0,0,8
0.216659246,28.64096667,86,0,0,0,1,1,1,1,1,0,2,0,1,0,1,0,9
0.209531379,28.7724,88,1,0,0,-1,0,0,0,0,0,-1,0,1,0,0,0,10
0.196856879,29.07811667,87,0,0,0,1,1,1,0,1,1,1,1,1,0,1,1,11
0.190904438,29.24896667,85,-1,-2,-2,-2,-2,-1,-1,-2,-2,-2,-2,-2,-2,-2,-2,12
0.189837733,29.34408333,86,0,0,1,1,1,1,1,1,1,1,1,1,1,1,1,13
0.183842092,29.522,85,0,0,1,1,0,1,1,0,1,1,1,1,1,1,0,14
0.184160146,29.63098333,89,0,0,0,0,-1,0,-1,-1,-1,-1,-1,-1,0,-1,-1,15
0.190884375,29.8406,90,-1,0,0,1,1,1,0,1,1,1,0,0,0,1,0,16
0.190884375,29.8406,90,2,2,0,-1,-1,0,-1,-1,1,1,0,0,0,1,1,17
0.189508204,29.98038333,83,0,0,0,1,1,2,2,1,1,1,2,1,1,2,2,18
0.187945508,30.09256667,84,0,-1,-1,0,-1,-1,0,0,-1,-1,-1,0,1,0,-1,19
0.188230517,30.14953333,85,0,1,0,-2,-2,-2,-2,-2,-2,-2,-2,-2,-2,-2,-2,20
0.188230517,30.14953333,85,-1,0,-2,-2,-2,-2,-2,-2,-2,-2,-2,-2,-2,-2,-2,21
0.188473325,30.21713333,86,-1,-1,-1,1,1,1,1,2,2,2,2,2,2,2,0,22
0.187289671,30.33936667,88,-2,-2,-2,0,0,0,1,0,1,1,0,0,0,0,0,23
0.186890808,30.39811667,85,0,0,0,-1,-1,0,0,0,1,1,0,0,0,0,0,24
0.185679381,30.45551667,88,-1,-1,-1,0,0,0,0,1,1,1,0,0,0,0,0,25
0.186602904,30.5045,88,1,1,1,-1,-1,-1,-1,0,-1,-1,-1,-1,-1,-1,0,26
0.186230017,30.55088333,85,1,0,1,1,1,1,1,2,2,2,2,2,2,2,2,27
0.185579145,30.60163333,86,0,0,-1,-2,-2,-2,-2,-2,-2,-2,-2,-2,-2,-2,-2,28
0.185833221,30.65418333,88,2,1,1,2,2,1,2,2,2,2,2,2,2,2,2,29
0.1827409,30.7009,87,1,2,1,0,0,0,0,0,1,1,0,0,0,1,0,30
0.180773854,30.74865,84,-1,-1,-1,1,1,1,1,1,1,1,1,1,1,1,1,31
0.18034625,30.78935,90,1,0,1,1,1,1,1,0,0,0,1,1,0,1,1,32
0.179676942,30.8449,88,0,1,0,0,1,1,1,1,1,1,0,0,0,1,0,33
0.180545296,30.86921667,89,1,1,1,2,2,2,2,2,2,2,2,2,1,2,2,34
0.180545296,30.86921667,89,0,0,-1,0,-1,0,0,0,0,0,0,0,0,0,0,35
0.179715542,30.87063333,86,1,0,0,0,0,0,0,0,0,0,0,0,-1,0,0,36
0.179311423,30.90025,87,1,1,1,1,2,1,1,2,2,2,2,2,1,2,1,37
0.179311423,30.90025,87,2,2,2,2,1,2,2,1,1,1,2,1,1,2,1,38
0.179853805,30.93235,87,0,1,0,-1,-1,-1,-1,0,0,0,0,0,0,0,0,39
0.18066057,30.96038333,88,1,2,1,2,1,1,1,1,2,1,1,1,1,1,1,40
0.179975929,30.9769,86,-1,-1,-1,1,1,0,0,1,0,0,0,0,0,1,0,41
0.179000542,30.99455,83,0,1,0,-1,-1,-1,1,0,0,0,0,0,0,0,0,42
0.179000542,30.99455,83,-2,-2,-2,-2,-1,-2,-2,-2,-2,-2,-2,-2,-2,-2,-1,43
0.185371308,31.00803333,83,2,2,2,0,0,0,1,0,0,0,0,1,0,0,1,44
0.1281401,30.85806667,83,0,0,0,-2,-2,-2,-2,-2,-2,-2,-2,-2,-2,-2,-2,45
0.1281401,30.85806667,83,1,1,1,2,2,2,2,2,2,2,2,2,2,2,2,46
0.001871613,29.62146667,84,2,1,1,2,2,2,2,2,2,2,2,2,2,2,2,47
0.001871613,29.62146667,84,2,2,2,2,0,2,2,0,2,2,2,2,2,2,1,48
0.000613212,28.463,86,2,2,2,2,0,2,2,0,2,2,2,2,2,2,2,49
0.000613212,28.463,86,-2,-2,-2,-2,-1,-2,-2,0,-2,-2,-2,-2,-2,-2,-2,50
0.033030096,28.61165,81,0,0,-1,1,2,0,0,1,1,1,0,0,0,0,0,1
0.033030096,28.61165,81,0,0,1,1,2,1,2,2,0,0,1,2,0,1,1,2
0.034230171,28.64585,83,1,1,1,0,0,0,1,-1,-1,0,0,0,0,1,1,3
0.038016221,28.726,84,1,1,1,1,1,1,1,2,2,2,1,2,0,1,2,4
0.044573496,28.72965,78,0,0,0,1,1,-2,-2,0,-1,0,0,1,0,-1,-1,5
0.046733188,28.7373,80,1,0,0,1,1,0,1,1,0,0,0,1,0,0,1,6
0.048843242,28.758,79,0,-1,0,1,1,1,1,1,1,2,1,1,0,1,2,7
0.051693937,28.83315,77,-1,-2,-1,1,1,0,0,1,0,1,0,0,-1,0,0,8
0.053046458,28.8552,81,1,0,1,1,1,1,0,0,-1,-1,1,1,1,1,1,9
0.055925288,28.89525,80,0,-1,0,1,1,0,0,0,-1,-1,1,2,0,0,1,10
0.056419658,28.94925,78,1,0,1,1,1,1,0,1,1,0,1,1,0,0,1,11
0.058190137,29.08735,80,1,0,1,1,1,0,-1,1,0,0,0,1,0,0,1,12
0.058190137,29.08735,80,0,0,1,1,2,1,2,2,1,1,0,0,0,1,1,13
0.059625246,29.1287,78,1,1,1,1,0,0,0,1,1,0,1,0,0,1,1,14
0.058955604,29.18495,79,1,0,1,1,1,1,0,0,0,-1,1,1,0,0,1,15
0.061438479,29.2717,74,1,0,1,1,1,0,1,1,0,0,1,1,1,1,2,16
0.063348846,29.29725,80,0,1,0,1,0,-2,-1,-1,-1,0,0,0,0,0,-1,17
0.064963987,29.29905,80,1,1,0,1,1,0,0,1,1,1,2,1,1,2,2,18
0.066838867,29.30625,79,0,0,1,1,1,1,0,1,0,0,1,2,1,1,1,19
0.067416037,29.32555,78,1,1,0,1,1,0,1,0,0,0,0,0,1,0,0,20
0.067783717,29.36346667,78,1,0,0,1,0,0,0,0,-1,0,0,1,0,0,0,21
0.069233862,29.38265,79,1,1,1,1,2,0,0,2,1,1,1,0,0,1,1,22
0.071260967,29.4218,77,1,0,1,0,0,1,1,0,0,0,0,1,0,0,0,23
0.072388822,29.43661667,81,1,0,1,1,1,-1,-1,1,1,0,0,0,0,0,0,24
0.0741058,29.4874,78,0,0,1,0,0,0,1,1,1,0,1,0,0,0,0,25
0.076102263,29.4928,81,1,1,1,0,-1,0,0,0,0,0,0,0,0,0,1,26
0.076102263,29.4928,81,0,0,1,-1,0,-1,0,0,0,0,1,1,1,0,1,27
0.077545483,29.47355,80,0,1,1,1,1,0,0,-1,-1,0,1,1,1,0,1,28
0.080302921,29.4639,78,0,1,1,1,1,1,1,1,2,2,2,1,2,2,1,29
0.089510137,29.47233333,77,1,1,1,2,1,1,2,2,2,2,1,1,2,2,2,30
0.104120263,29.4991,77,1,0,1,0,1,0,0,0,0,-1,0,1,1,1,0,31
0.095779279,29.49101667,79,1,0,1,1,2,1,0,0,0,0,1,1,1,1,0,32
0.092414296,29.4298,81,0,1,1,1,2,0,0,2,2,1,1,0,0,1,1,33
0.087881854,29.32555,78,1,1,2,2,2,2,2,2,2,2,1,2,2,2,2,34
0.089077792,29.3622,76,1,1,1,1,1,0,0,0,0,0,1,1,1,0,1,35
0.089077792,29.3622,76,0,1,0,1,1,-1,-1,0,0,0,0,1,0,0,0,36
0.089126654,29.3831,78,0,1,1,0,0,0,0,0,1,1,0,0,0,0,1,37
0.090506104,29.393,75,1,0,1,1,1,1,1,1,2,2,2,1,1,2,1,38
0.090506104,29.393,75,1,1,1,1,1,0,0,0,0,0,-1,-1,-2,-1,-1,39
0.093681896,29.41595,80,2,2,2,1,2,2,2,1,1,1,2,2,2,1,2,40
0.093681896,29.41595,80,1,1,1,1,0,1,1,1,1,1,2,1,1,1,1,41
0.0940925,29.44291667,80,1,1,2,1,1,0,0,0,0,0,1,1,1,0,1,42
0.093555825,29.43438333,79,0,-1,-1,0,0,-1,-1,0,0,0,-1,1,-1,-1,-1,43
0.093555825,29.43438333,79,0,1,1,1,1,0,-1,-1,-1,-1,1,1,0,1,0,44
0.095323363,29.4047,78,0,0,-1,-1,0,-1,-1,0,0,0,0,0,1,-1,-1,45
0.052237667,28.30886441,79,1,1,2,2,2,1,2,2,2,0,1,1,1,2,2,46
0.052237667,28.30886441,79,0,0,1,1,2,1,1,2,2,2,2,1,1,1,2,47
-0.002439142,27.37122951,84,1,1,1,0,-1,0,-1,-1,0,0,1,0,0,0,0,48
0.055437983,26.11511667,83,2,2,2,2,2,1,1,2,2,2,2,1,1,2,2,49
0.055437983,26.11511667,83,-1,-1,0,0,-1,0,0,-1,-2,-2,0,-1,-1,-1,-2,50
0.048616525,29.85321667,64,1,1,1,0,-1,-1,-1,-2,-2,-1,0,1,0,0,-1,1
0.051856837,29.84745,66,2,2,2,2,2,2,2,2,2,2,2,2,2,2,2,2
0.051856837,29.84745,66,1,1,1,1,1,1,1,1,1,1,1,1,1,1,1,3
0.052555767,29.84258333,65,2,2,2,2,2,2,2,2,2,2,2,2,2,2,2,4
0.053666283,29.8421,64,-1,-1,-1,-1,-1,-1,-2,-1,-1,-1,-2,-1,-2,-2,-2,5
0.053666283,29.8421,64,0,0,0,0,-2,0,0,0,0,0,0,0,0,0,0,6
0.055987842,29.85406667,63,1,1,1,1,1,1,1,1,1,1,1,1,1,1,1,7
0.055987842,29.85406667,63,2,2,2,2,2,2,2,2,2,2,2,2,2,2,2,8
0.057356304,29.84795,62,2,2,2,2,2,2,1,1,1,1,1,1,1,2,2,9
0.057356304,29.84795,62,2,2,2,2,2,2,2,2,2,2,2,2,2,-1,-1,10
0.059746621,29.86033898,63,1,1,1,1,1,1,1,1,1,1,1,1,1,1,1,11
0.059746621,29.86033898,63,0,0,0,0,0,0,0,0,0,0,0,0,0,-1,-1,12
0.059746621,29.86033898,63,1,1,1,1,1,1,1,1,1,1,1,1,1,0,0,13
0.061464938,29.85536667,62,2,2,2,2,2,2,2,2,2,2,2,2,2,2,2,14
0.061464938,29.85536667,62,0,0,0,0,0,0,0,0,0,0,0,0,0,0,0,15
0.062587025,29.84883333,60,2,2,2,2,2,2,2,2,2,2,2,2,2,2,2,16
0.062587025,29.84883333,60,2,2,2,2,2,2,2,2,-1,1,2,2,2,1,1,17
0.064630233,29.84973333,61,1,1,1,1,1,1,1,1,1,1,1,1,1,1,1,18
0.064630233,29.84973333,61,2,2,2,2,2,2,2,2,2,2,2,2,2,-1,-1,19
0.066928571,29.84661667,62,2,2,2,2,2,2,2,2,2,2,2,2,2,2,2,20
0.066928571,29.84661667,62,2,2,2,2,2,2,2,2,2,2,2,2,2,2,2,21
0.067773846,29.8201,61,1,1,1,1,1,1,1,1,1,1,1,1,1,0,0,22
0.067773846,29.8201,61,1,1,1,1,1,1,1,1,1,1,1,1,1,1,1,23
0.068291717,29.80885,62,2,2,1,1,1,1,1,1,1,1,1,1,1,0,0,24
0.068291717,29.80885,62,1,1,1,1,1,1,1,1,1,1,1,1,1,1,1,25
0.068291717,29.80885,62,0,0,0,0,0,0,0,0,0,0,0,0,0,0,0,26
0.06931015,29.79625,62,2,2,2,2,2,2,2,2,2,2,2,2,2,2,2,27
0.070072858,29.71698333,61,1,1,1,1,1,1,1,1,1,1,1,1,1,0,0,28
0.070072858,29.71698333,61,2,2,2,2,2,2,2,2,2,2,2,2,2,2,2,29
0.070072858,29.71698333,61,2,2,2,2,2,2,2,2,2,2,2,2,2,2,2,30
0.070349247,29.64615,61,2,2,2,2,1,2,2,1,1,1,2,2,2,2,2,31
0.07208005,29.61015,61,2,2,2,2,0,2,2,2,2,2,2,2,2,2,2,32
0.07208005,29.61015,61,0,0,0,0,0,0,0,0,0,0,0,0,0,0,0,33
0.072197721,29.56136667,60,2,2,2,2,2,2,2,2,2,2,2,2,2,2,2,34
0.072197721,29.56136667,60,1,1,1,1,1,1,1,1,1,1,1,1,1,1,1,35
0.072731523,29.54095,59,1,1,1,1,1,1,1,1,1,1,1,1,1,0,0,36
0.072731523,29.54095,59,-1,-1,-1,-1,-1,-1,-1,-1,-1,-1,-1,-1,-1,-1,-1,37
0.074446129,29.51305,61,2,2,2,2,1,2,2,1,1,2,2,2,2,2,2,38
0.074446129,29.51305,61,1,1,2,2,1,1,1,1,1,1,1,1,1,0,0,39
0.076140569,29.46571667,61,0,0,0,0,0,0,0,0,0,0,0,0,0,0,0,40
0.076140569,29.46571667,61,1,1,1,1,1,1,1,1,1,1,1,1,1,0,0,41
0.074245796,29.38781667,61,2,2,2,1,1,1,1,2,2,2,2,2,2,2,2,42
0.060772696,29.33141667,59,2,2,2,2,2,2,2,2,2,2,2,2,2,2,2,43
0.060772696,29.33141667,59,0,0,0,0,-1,0,-1,-1,-1,-1,-1,-1,-1,-1,-1,44
0.060772696,29.33141667,59,0,0,0,0,0,0,0,0,0,0,0,0,0,0,0,45
0.010869771,27.9565,60,2,2,2,1,1,2,2,1,1,1,2,2,2,2,2,46
0.010869771,27.9565,60,2,2,2,2,2,2,2,2,2,2,2,2,2,2,2,47
0.001472542,26.6616,61,0,0,-1,-1,-1,-1,-1,-1,-1,-1,0,-1,-1,0,0,48
0.001432654,25.29306667,77,2,2,2,2,2,2,2,2,2,2,2,2,2,2,2,49
0.001432654,25.29306667,77,-2,-2,-2,-2,-2,-2,-2,-2,-2,-2,-2,-2,-2,-2,-2,50
0.043987437,30.18515,75,0,1,-1,-1,-1,-2,-2,0,1,1,-1,-1,-1,-1,-2,1
0.041182217,30.16248333,75,1,1,0,2,1,-1,-1,0,0,1,0,1,0,1,0,2
0.045234758,30.29508333,83,-1,-1,-1,1,1,-1,-1,0,0,0,1,0,-1,-1,-1,3
0.048792613,30.40553333,82,-1,2,0,1,1,0,0,2,2,2,-1,0,0,-1,-1,4
0.052217588,30.56945,86,-2,-1,-1,0,0,-2,-2,-2,-1,-1,-1,-1,0,-1,-1,5
0.050481779,30.57516667,89,-1,0,-1,0,1,0,0,0,1,1,-2,0,0,-2,-2,6
0.041855646,30.35741667,86,-1,0,0,0,1,1,0,1,1,1,-1,0,0,-1,-1,7
0.042185258,30.22811667,80,0,0,0,0,1,-1,-1,0,0,0,-1,0,-1,-1,-1,8
0.041935042,30.1089,90,-1,1,-1,1,1,1,0,2,2,2,-1,0,0,0,0,9
0.04118755,29.95981667,83,2,0,1,1,1,-1,0,0,0,0,1,0,-1,0,1,10
0.033741488,29.67556667,84,0,0,0,0,0,1,1,1,1,1,0,0,0,0,0,11
0.03153945,29.55591667,84,-1,-1,-1,0,0,-1,-1,0,0,0,-1,0,-1,-1,-1,12
0.033557763,29.50855,83,0,1,-1,0,0,1,1,1,0,0,-1,0,0,0,-1,13
0.035712458,29.44841667,85,-1,1,-1,1,1,1,1,1,1,1,-1,0,1,-1,-1,14
0.035011125,29.37553333,89,1,1,1,1,1,1,1,1,1,1,1,0,1,1,1,15
0.0346875,29.31031667,94,0,1,1,1,1,1,1,1,1,1,0,1,0,-1,0,16
0.038051404,29.22531667,91,-1,1,-1,-1,0,-1,-1,0,0,0,0,0,-1,-1,-1,17
0.036971725,29.12185,88,0,0,0,0,1,0,-1,0,0,1,-1,0,-1,0,0,18
0.035621167,29.03143333,87,0,-1,-1,1,1,1,1,1,0,0,1,1,1,1,0,19
0.031464996,28.96451667,81,-1,-1,-1,0,0,-2,0,0,-1,-1,-1,-1,-2,-2,-2,20
0.002189025,27.53268333,83,0,-1,0,0,1,-1,-1,-1,-1,-1,0,-1,-1,-1,-1,21
0.00363,26.98763333,90,0,0,0,0,0,0,0,1,1,1,0,0,0,0,0,22
0.002801721,26.53668333,0,1,1,1,1,1,1,1,1,0,1,1,1,1,1,1,23
0.003315767,26.13301667,0,0,-1,0,0,0,-1,-1,0,0,0,0,0,-1,-1,0,24
0.003693879,25.7842,0,-1,0,-1,0,0,-1,-1,1,1,1,0,1,1,0,0,25
0.002629208,25.43806667,0,0,0,-1,-1,-1,-1,-1,0,0,0,0,0,0,0,0,26
0.0027791,25.12203333,0,0,0,1,0,0,0,0,0,0,0,0,0,-1,0,1,27
0.001887687,24.34631667,0,-1,0,-1,-1,-1,-1,-1,0,0,0,0,0,-1,-1,-1,28
0.002818929,24.12125,0,-1,0,-1,0,-1,1,1,1,1,1,0,0,1,0,-1,29
0.002420813,23.89721667,0,0,0,0,0,0,1,1,1,1,1,0,0,1,0,1,30
0.003297571,23.69251667,0,0,-1,-1,0,0,0,0,0,0,0,0,0,1,0,0,31
0.003704363,23.52293333,0,1,0,1,1,1,1,0,0,0,0,1,1,-1,1,1,32
0.002858858,23.38148333,0,0,0,0,0,0,0,0,0,0,0,0,0,0,0,0,33
0.0021862,23.21823333,0,0,0,1,1,1,1,1,1,1,1,1,1,1,1,1,34
0.001287533,22.93645,0,-1,0,-1,0,1,0,0,0,1,1,0,0,1,0,0,35
0.001477396,22.801,0,0,0,0,1,1,0,0,0,0,0,0,0,-1,0,0,36
0.002291362,22.55825,0,0,0,0,0,0,1,0,0,0,0,0,0,-1,0,0,37
0.001677154,22.34493333,0,-1,0,0,0,0,0,0,0,1,1,0,0,0,1,1,38
0.000881175,22.24056667,0,1,1,0,0,0,0,0,0,0,0,0,0,0,0,0,39
0.000926317,22.1575,0,0,0,0,0,0,0,0,0,0,0,0,0,0,0,0,40
0.023740537,22.65523333,0,-1,0,0,0,0,0,0,0,0,0,0,0,0,0,0,41
0.038496758,25.59035,0,0,0,0,0,0,-1,-1,-1,-1,-1,0,0,-1,-1,-1,42
0.067870342,26.0894,0,-2,-1,-1,0,0,-1,-1,-1,-1,-1,-1,-1,-1,-1,-1,43
0.090850346,26.35928333,110,1,1,1,1,1,1,1,1,1,1,1,1,1,1,1,44
0.117482846,26.63861667,114,0,0,0,0,-1,-1,-1,0,0,0,0,0,-2,-1,-1,45
0.164817038,26.82723333,85,-1,0,0,0,1,1,1,1,1,1,0,0,1,1,1,46
0.219197796,27.12195,75,-2,0,-1,-1,-1,0,0,0,0,0,0,-1,0,-1,-1,47
0.241464225,27.15256667,75,1,1,1,1,1,1,1,1,1,1,1,1,0,1,1,48
0.241464225,27.15256667,75,0,1,1,1,1,1,1,1,1,1,1,1,1,1,1,49
0.272882213,27.22825,94,-1,0,0,-1,-1,-1,-1,-1,-1,-1,-1,-1,-1,-1,-1,50
0.762267042,28.49465,78,-1,0,0,1,1,-2,-2,-2,0,0,0,1,0,0,-1,1
0.764286421,28.3673,79,1,1,1,1,0,2,2,0,0,0,1,0,0,1,1,2
0.789161767,28.24886667,81,1,2,0,1,0,1,1,0,0,0,1,0,-1,0,1,3
0.83641385,28.117,81,-2,1,-1,1,0,-1,-1,0,1,0,-1,-2,-2,-1,-1,4
0.468710437,28.0864,81,-2,0,-2,-2,-1,-2,-2,-2,-2,-2,-1,-2,-2,-2,-2,5
0.356287225,27.76828333,83,-1,-1,-2,-2,-2,-2,-2,-2,1,-2,-1,-1,-2,-2,-2,6
0.00096225,26.58766667,82,1,1,-1,-2,0,-2,-2,-1,0,-2,1,1,-1,-1,-1,7
0.000877354,25.34915,83,0,0,-1,-2,-2,-2,-2,1,1,-2,-1,-2,1,-1,0,8
0.000614458,24.83506667,80,2,2,1,-2,2,-1,-1,1,1,-2,2,0,1,-1,1,9
0.000202404,24.38116667,79,0,0,-1,1,-2,-2,-2,-2,-1,0,-2,-2,-2,-2,-2,10
0.001026167,23.99618333,77,1,2,2,0,1,-2,-2,1,0,0,1,0,1,1,2,11
0.000613033,23.39455,77,-2,-1,-1,1,1,0,-1,1,1,-1,1,0,-1,0,1,12
0.001826988,23.19768333,76,-1,1,-1,-2,-2,-2,-2,-2,-2,-2,-1,-2,-1,-2,-2,13
0.001610004,23.0042,78,1,1,1,-1,1,-2,-2,-1,0,-1,1,1,0,-1,1,14
0.000113546,22.8198,78,0,1,1,1,1,1,1,1,-1,0,1,-1,-2,1,1,15
0.000113546,22.8198,78,1,1,2,-1,-2,-2,-2,-2,-1,-2,1,1,1,-1,1,16
0.000454556,22.68001667,81,-1,1,1,1,-1,-2,-2,-2,-2,-2,1,-2,-1,-1,-1,17
0.000678335,22.54841667,81,2,2,1,1,1,0,-1,1,1,0,1,1,0,1,1,18
-0.000202178,22.4385,79,2,1,1,-1,-2,-1,-2,-2,-1,-2,-1,-1,-1,-1,-1,19
-0.000202178,22.4385,79,1,2,-1,-2,-2,-1,-1,-2,-2,-1,-2,-2,-2,-2,-2,20
-5.92E-05,22.34143333,79,1,1,-1,-1,-2,-2,-2,-2,-1,-1,-2,-2,-2,-1,-2,21
-0.000874654,22.2539,78,2,2,1,-2,-1,-2,-2,-2,-1,-2,1,-2,-1,-2,-1,22
0.000217363,22.18525,77,2,2,1,1,-2,1,0,-2,0,0,0,0,-1,0,0,23
-0.001222058,22.122,79,1,2,0,0,-1,-1,-1,-1,-1,-1,1,-1,-1,-1,-1,24
-0.001222058,22.122,79,-1,1,-1,-1,-2,-2,-2,-2,-1,-1,-1,-1,-1,-1,-1,25
-0.000803708,22.09276667,77,1,1,0,-1,-2,-2,-2,-2,-1,-2,-1,-1,1,-1,-1,26
-0.000542071,22.045,77,1,1,1,1,1,-1,-1,-1,0,-2,0,0,1,1,1,27
-0.001754142,21.9945,78,-1,1,-1,-1,-2,-1,-1,-2,-1,-1,-1,-1,-1,-1,-1,28
-0.001754142,21.9945,78,0,1,-1,-1,-1,-1,-1,-1,-1,-2,-1,-1,-1,-1,-1,29
0.000114531,21.951,78,1,1,1,1,1,-1,-1,-1,-1,-1,1,1,1,1,1,30
0.000581758,21.9085,78,0,0,0,0,-1,-1,-1,-1,0,-1,0,0,0,0,0,31
-0.000344667,21.8724,78,-1,-1,-1,1,1,1,1,-1,1,1,-2,-1,-1,0,0,32
7.88E-05,21.8415,78,1,1,0,-1,0,-1,-1,-1,-1,-1,1,1,0,0,0,33
-0.001068817,21.8125,80,1,1,0,-1,-1,-1,-1,-1,1,0,0,0,1,0,0,34
-0.001068817,21.8125,80,1,1,1,0,1,-1,-1,-1,0,-1,1,1,0,1,1,35
-0.000694525,21.793,83,1,1,0,-1,-1,-1,-1,-1,-1,-1,0,0,0,0,0,36
-0.000446033,21.7699,80,1,1,-1,-1,-1,-1,-1,-1,-1,-2,-1,-1,-1,-1,-1,37
-0.000446033,21.7699,80,-1,0,-1,-1,-1,-2,-2,-2,-1,-2,-1,-1,-1,-1,-1,38
-7.89E-05,21.76121667,82,-1,0,-1,-1,-1,-1,-1,-2,-1,-1,-2,-2,-2,-1,-1,39
-7.89E-05,21.76121667,82,0,1,0,0,-1,-1,-1,-1,-1,-1,0,0,0,0,0,40
-0.000131554,21.77196667,81,0,1,0,1,1,-1,-1,-1,-1,-1,1,-1,-1,0,0,41
0.000351796,21.7607,80,0,1,0,0,1,-1,-1,0,0,0,-1,0,0,0,0,42
0.000351796,21.7607,80,1,1,1,1,1,0,0,0,0,0,1,1,-2,1,1,43
0.000899342,21.74313333,83,-1,0,-1,-1,-1,-1,-1,-1,-1,-1,-1,0,-1,-1,-1,44
0.000899342,21.74313333,83,1,1,1,1,1,1,1,0,0,0,1,1,0,1,1,45
0.000646875,21.727,85,0,0,-1,-1,-1,-1,-1,-1,-1,-1,-1,-1,-1,-1,-1,46
0.000497592,21.717,88,1,1,-1,-1,-1,-1,-1,-1,-2,-1,-1,-2,1,-1,-1,47
0.000497592,21.717,88,1,1,-1,-1,-1,-1,-1,-1,-1,-2,1,1,1,0,0,48
0.001118854,21.709,94,1,1,0,0,0,-1,-1,0,1,0,1,0,0,0,0,49
0.001118854,21.709,94,2,2,2,2,1,1,1,0,1,-1,1,1,1,1,1,50
0.390718133,29.5108,73,1,1,0,0,1,0,0,1,0,0,0,0,0,0,0,1
0.399722792,29.4874,72,2,1,1,1,1,1,1,1,1,0,1,0,1,1,2,2
0.420611958,29.45218333,73,0,1,1,1,1,1,0,1,1,1,1,1,1,1,1,3
0.433871254,29.41325,70,2,2,2,2,2,2,2,2,2,2,2,2,2,2,2,4
0.4418281,29.39525,72,0,0,-1,-1,-1,0,-1,0,-1,-1,-1,-1,0,-1,-1,5
0.463685792,29.38805,70,0,0,0,1,0,0,-1,1,0,0,-1,0,0,-1,0,6
0.473177742,29.37455,72,0,1,1,1,1,0,1,1,1,1,1,1,0,0,1,7
0.480164262,29.36431667,75,0,0,0,0,-1,-1,-1,-1,-1,-1,-1,0,0,0,-1,8
0.497508704,29.36253333,71,1,1,1,1,0,1,1,0,1,0,1,1,1,1,1,9
0.572683242,29.393,71,1,1,1,0,1,1,1,0,-1,-1,0,-1,0,-1,1,10
0.554097738,29.3786,71,0,1,1,1,1,1,0,1,1,1,0,1,0,1,1,11
0.461217346,29.2953,100,1,1,1,1,2,0,1,2,1,1,1,1,1,1,1,12
0.461217346,29.2953,100,0,0,0,1,1,0,-1,1,1,0,0,1,0,0,0,13
0.070911987,28.37326667,128,1,1,1,1,1,1,-1,1,1,1,0,1,-1,0,1,14
0.070911987,28.37326667,128,1,1,1,1,1,-1,-1,1,-1,-1,-1,0,-1,-1,1,15
0.000207471,27.28061667,97,1,1,1,1,1,1,1,2,1,1,1,1,1,1,1,16
0.001151246,25.33736667,0,0,0,-1,0,-1,-1,-1,-1,-1,-1,-1,0,-1,-1,-1,17
0.001151246,25.33736667,0,1,1,2,1,1,1,0,1,1,1,1,1,1,1,1,18
0.000968942,24.52021667,0,-1,-1,-1,-1,-2,-1,0,-2,-1,-1,-1,-1,0,-1,-1,19
0.000485858,23.77631667,0,1,1,1,1,1,1,0,1,1,1,0,1,0,1,1,20
0.000617515,23.01753333,0,-1,-1,-1,-1,-2,0,-1,-2,-1,-1,-1,-1,-1,-1,-1,21
0.001375729,22.80485,0,1,1,1,1,1,0,1,1,1,1,0,1,1,1,1,22
0.001248682,22.49555,84,1,0,0,0,1,0,0,1,0,0,0,0,0,0,0,23
0.001248682,22.49555,84,0,0,0,0,1,-1,0,0,0,1,0,1,0,0,0,24
0.001341108,22.38001667,0,0,0,-1,0,0,-1,-1,0,0,0,-1,-1,-1,-1,-1,25
0.002325332,22.69978333,69,0,0,-1,0,-1,-1,-1,-1,-1,-1,-1,-1,-1,-1,-1,26
0.000309704,23.07803333,0,0,0,0,0,1,0,0,0,-1,-1,0,0,0,0,0,27
0.000309704,23.07803333,0,0,0,0,0,0,0,0,0,1,0,0,0,0,0,0,28
0.00230205,23.2273,0,0,0,0,-1,0,0,0,0,-1,-1,0,0,0,0,-1,29
0.002073271,23.70486667,76,1,1,1,1,1,1,1,1,1,1,1,1,1,1,1,30
0.000359721,24.14825,73,0,0,0,0,0,-1,-1,0,0,0,0,0,0,0,0,31
0.000359721,24.14825,73,1,1,0,-1,-1,1,-1,-1,-1,0,1,0,0,-1,1,32
-0.000141904,23.52631667,81,0,0,0,0,0,0,0,0,0,0,0,0,-1,0,0,33
-0.000141904,23.52631667,81,1,1,2,1,1,1,1,1,1,1,1,1,1,2,2,34
0.000287803,23.20120339,72,1,1,1,1,1,1,0,1,1,1,1,1,1,1,1,35
0.000287803,23.20120339,72,-1,0,-1,-1,-1,-1,-1,-1,-1,-1,-1,-1,-1,-1,-1,36
0.001408224,22.97027869,0,-1,1,0,0,1,0,0,1,0,0,0,0,0,0,0,37
0.001704904,23.06933333,0,1,1,0,0,0,0,0,0,0,0,0,0,0,0,0,38
0.001704904,23.06933333,0,1,1,1,1,1,1,0,1,0,0,0,0,0,0,1,39
0.003445221,23.8794,77,1,1,1,1,2,1,1,2,1,1,1,1,1,1,1,40
0.001542879,24.07005,84,1,1,1,1,1,1,1,1,1,0,1,1,0,1,1,41
0.001542879,24.07005,84,0,0,-1,-1,-2,-1,-1,-2,-1,-1,-1,-1,-1,-1,-1,42
0.002174267,23.8771,0,1,1,1,1,1,1,1,1,0,0,2,1,1,1,1,43
0.001170075,23.61528333,0,0,0,0,-1,-1,0,0,-1,-1,-1,0,0,0,0,0,44
0.001170075,23.61528333,0,0,0,0,0,0,1,0,0,0,0,0,0,0,0,0,45
0.002124601,23.35663333,99,1,1,0,0,-1,-1,0,-1,0,0,0,0,0,0,0,46
0.002124601,23.35663333,99,1,1,1,1,1,1,1,1,2,1,1,1,1,1,1,47
0.001795708,22.93541667,93,1,1,0,0,0,0,0,0,0,0,0,0,0,0,0,48
0.001795708,22.93541667,93,1,1,1,1,0,0,0,0,-1,0,0,0,0,0,0,49
0.001795708,22.93541667,93,0,0,0,-1,-1,0,0,-1,-1,-1,0,0,0,0,-1,50
0.075768954,33.19451667,86,1,1,0,-2,-2,-2,-2,1,0,0,-1,0,0,-2,-2,1
0.078061204,33.24046667,88,1,1,1,1,1,1,-1,1,1,1,1,1,1,2,2,2
0.07879165,33.2643,89,0,0,-1,-1,0,-1,-2,0,0,0,-1,1,-1,-1,-1,3
0.07879165,33.2643,89,0,-1,1,0,0,-1,-1,0,0,0,-1,0,-1,0,0,4
0.079778983,33.28261017,84,0,0,0,-1,-2,-2,-2,-2,-2,-2,-2,-2,-2,-2,-2,5
0.081097567,33.30061667,88,1,1,1,1,1,2,1,2,1,1,1,1,0,2,1,6
0.082066604,33.32468333,85,1,1,2,2,2,2,2,2,2,2,2,2,2,2,2,7
0.082066604,33.32468333,85,1,1,1,1,2,0,0,1,-1,0,0,1,0,0,0,8
0.085902275,33.40706557,87,1,1,1,1,2,-1,1,0,-1,-2,0,0,0,0,0,9
0.089151383,33.43998333,83,0,0,0,0,0,0,-2,-1,-1,-1,-1,0,0,0,0,10
0.089493729,33.41666667,86,0,0,0,1,0,0,1,0,0,1,0,0,-1,0,0,11
0.089994692,33.39026667,85,0,0,1,0,0,1,0,0,-1,-1,0,0,0,1,0,12
0.091004621,33.37076667,86,1,0,1,0,0,0,-1,0,0,-2,0,0,0,0,1,13
0.091004621,33.37076667,86,1,1,1,2,2,1,1,2,2,2,1,2,2,2,2,14
0.0912742,33.3569661,85,1,0,0,0,-1,0,-2,0,-2,-2,0,-1,-1,0,-1,15
0.0912742,33.3569661,85,0,0,-1,0,-1,0,0,0,0,0,0,-1,0,0,-1,16
0.092356059,33.34476667,85,0,-1,-1,0,0,-1,0,-1,0,-1,0,-1,-1,-1,-2,17
0.092356059,33.34476667,85,0,0,1,1,1,-1,-2,1,1,1,1,1,0,0,1,18
0.093410705,33.34173333,84,0,1,1,1,0,1,0,-2,-1,-1,0,0,0,1,1,19
0.093639567,33.33893443,84,-1,-1,-1,-1,-2,-2,-2,-2,-2,-2,-2,-2,-2,-2,-2,20
0.093639567,33.33893443,84,0,-1,0,-1,-2,-2,-2,-1,-2,-2,-2,-1,-2,-2,-2,21
0.095949708,33.33871667,82,0,1,0,1,0,1,0,0,1,0,1,0,0,1,0,22
0.095949708,33.33871667,82,0,1,0,0,-1,-2,-2,-2,-2,-2,0,0,0,0,-1,23
0.099092196,33.35516667,84,0,1,0,0,0,-1,-1,1,1,1,1,1,1,1,1,24
0.099092196,33.35516667,84,-1,0,-1,0,0,-1,-1,-1,-1,-1,0,0,0,-1,-1,25
0.0989127,33.3712,84,-1,-1,-1,-1,-2,-2,-2,-2,-2,-2,-2,-1,-1,-1,-2,26
0.0989127,33.3712,84,0,-1,0,-1,0,-1,0,-1,0,-1,-1,-1,-1,-1,-2,27
0.100087513,33.3855,86,-1,-1,-2,-2,-2,-2,-2,-2,-2,-2,-2,-2,-1,-1,-2,28
0.100087513,33.3855,86,0,1,1,2,1,2,1,2,1,2,1,0,0,2,2,29
0.101400238,33.3959,84,1,1,0,1,2,2,-1,2,1,2,1,0,1,2,2,30
0.101400238,33.3959,84,1,0,0,1,0,-2,-2,1,0,-1,0,0,0,1,0,31
0.102437267,33.39373333,83,0,-1,0,-1,-2,-2,-2,-1,0,-1,0,-1,0,-1,0,32
0.102531596,33.38965574,81,1,0,0,-1,0,1,0,0,1,0,1,1,2,1,2,33
0.102531596,33.38965574,81,1,2,1,1,2,1,2,1,2,2,2,2,1,2,2,34
0.102864583,33.40196667,83,1,0,1,0,0,1,2,2,1,1,0,0,0,1,0,35
0.102864583,33.40196667,83,1,0,-1,-2,-2,-2,-2,0,-1,0,0,0,0,-2,-2,36
0.103726275,33.42083333,83,1,0,1,0,1,1,0,0,1,1,0,0,0,1,0,37
0.102737646,33.44126667,85,1,1,0,0,0,0,1,1,0,1,0,0,0,1,1,38
0.102737646,33.44126667,85,1,0,0,0,1,1,-1,0,1,1,-2,0,-2,0,0,39
0.101759433,33.4638,83,1,1,1,0,1,1,1,1,2,2,2,2,1,2,1,40
0.101759433,33.4638,83,2,1,2,2,2,2,2,2,2,2,0,0,2,2,2,41
0.102687133,33.49991667,82,-1,0,-1,-1,-1,-2,-2,-1,-1,-1,-1,-1,-2,-2,-2,42
0.103954083,33.51913333,84,-1,0,-1,0,-1,-2,-2,-1,0,-2,-2,-1,-2,-2,-1,43
0.103954083,33.51913333,84,1,1,-1,-2,-2,-1,-1,-2,-1,-1,0,-1,-1,-1,-1,44
0.007232371,32.78073333,83,-1,0,-1,-1,-2,-2,-2,-2,-2,-2,-2,-2,-2,-2,-2,45
0.00508275,31.53198333,85,1,1,0,1,0,1,1,0,-1,-1,0,0,1,1,1,46
0.00508275,31.53198333,85,2,2,2,2,2,2,1,2,2,2,1,2,2,2,2,47
0.0042932,30.28546667,85,1,0,0,-1,-1,-1,-1,0,-1,-1,-1,0,1,-1,-1,48
0.0042932,30.28546667,85,1,0,1,1,1,0,-1,0,1,1,1,0,0,1,1,49
0.0042932,30.28546667,85,1,0,0,-1,-1,-2,-2,0,0,-1,0,0,0,-2,-1,50
0.300294925,29.30895,80,2,1,2,0,2,-2,-2,-2,-2,-2,0,2,-1,1,1,1
0.314348587,29.29591667,76,2,2,1,2,2,1,1,0,-1,0,1,2,2,1,1,2
0.350912867,29.27516667,79,2,1,2,1,1,1,2,1,0,-1,1,1,1,2,1,3
0.369120767,29.27213333,81,2,2,2,1,0,2,2,2,1,1,2,1,1,1,2,4
0.374843342,29.28436667,79,2,0,0,-1,-1,-1,-2,-1,-1,-1,-1,-1,-2,-1,-1,5
0.391155017,29.52905,79,1,1,0,-1,-1,-2,-1,-2,-2,-2,0,-1,0,-2,-2,6
0.397201817,29.6399,79,2,2,2,2,2,2,2,2,2,2,2,2,2,2,2,7
0.4031681,29.7451,79,2,2,2,0,1,0,0,-1,-1,-1,0,-1,0,1,1,8
0.407063317,29.82231667,79,1,1,2,0,0,0,0,0,-1,-2,0,-1,0,-1,-1,9
0.409659167,29.90158333,81,2,2,2,-1,-1,0,0,-1,-1,-2,0,1,0,1,1,10
0.412266087,29.99491667,82,2,2,2,2,2,2,2,2,0,0,2,0,2,2,2,11
0.423587967,30.11381667,80,0,2,2,1,1,0,-1,-1,-1,-1,0,0,0,0,0,12
0.423587967,30.11381667,80,2,2,2,1,-1,-2,-1,-1,-2,-2,-1,-1,-1,-2,-2,13
0.429129342,30.21406667,81,2,2,2,2,1,2,1,1,-2,1,1,1,2,2,2,14
0.429129342,30.21406667,81,2,0,0,0,1,1,1,-2,-2,-2,0,0,0,0,0,15
0.431863283,30.2743,80,2,1,0,0,1,-2,0,0,-2,-2,1,-1,0,0,0,16
0.435148854,30.36018333,82,2,-1,0,0,-1,1,0,-2,-2,-2,1,1,0,0,0,17
0.435148854,30.36018333,82,2,1,1,0,-2,1,1,1,1,1,1,1,0,-1,-1,18
0.433277829,30.41175,79,2,2,1,-1,-1,1,0,-2,-2,-2,2,2,1,-1,-1,19
0.436471692,30.4705,78,2,2,2,2,-1,-1,-2,-2,-2,-2,-2,-2,-2,-2,-2,20
0.436603008,30.5133,74,2,2,2,2,1,2,2,2,0,0,2,2,2,2,2,21
0.438842112,30.56593333,81,1,1,2,0,1,1,1,1,1,1,1,1,1,1,1,22
0.450510713,30.6474,79,1,1,1,0,0,1,1,-1,-1,-1,1,1,1,0,0,23
0.450510713,30.6474,79,1,0,1,1,1,1,1,1,1,1,1,1,1,1,1,24
0.452315754,30.67806667,77,2,2,2,1,0,-1,-1,-1,-1,-1,1,1,0,0,0,25
0.449644575,30.7049,78,2,1,1,1,-2,-2,-2,-2,-2,-2,1,0,0,-1,-1,26
0.450194429,30.7237,79,2,2,2,0,0,1,1,1,-1,-1,1,1,1,1,1,27
0.450194429,30.7237,79,2,1,1,1,-1,-1,0,-1,-1,-1,0,0,0,0,0,28
0.449605958,30.74555,80,2,2,2,2,2,0,0,0,0,0,0,0,0,0,0,29
0.448726354,30.77001667,76,2,0,1,2,2,2,2,2,2,2,2,2,2,2,2,30
0.449419824,30.7841,77,2,0,0,0,1,1,1,1,1,1,0,0,0,-1,-1,31
0.449419824,30.7841,77,2,2,2,-1,-1,-1,-1,-1,-1,-1,-1,-1,0,-1,-1,32
0.451445204,30.78453333,75,2,0,1,1,2,1,1,1,1,1,2,1,1,1,1,33
0.451445204,30.78453333,75,1,1,0,0,-1,0,0,-2,-1,-1,1,1,1,1,1,34
0.453521513,30.7906,80,2,1,2,0,-1,1,1,1,1,1,1,1,1,1,1,35
0.453521513,30.7906,80,2,2,1,1,-1,1,0,-1,-1,-1,0,0,-1,0,0,36
0.45730773,30.79625,80,2,2,2,1,1,-1,0,-1,-2,-2,0,-1,-1,-1,-1,37
0.459848942,30.78451667,75,2,2,2,0,0,0,0,-2,-2,-2,-1,-1,0,-1,-1,38
0.459848942,30.78451667,75,2,1,2,1,1,1,1,1,1,0,1,1,1,0,0,39
0.465520745,30.77801667,75,2,2,2,2,2,1,1,2,2,2,2,2,2,1,1,40
0.466977544,30.7841,79,2,2,2,2,2,2,2,2,2,2,2,2,2,2,2,41
0.466977544,30.7841,79,0,0,0,-2,-2,-2,-1,0,0,-1,-1,-1,-2,-1,-1,42
0.465399533,30.78061667,80,-1,-1,-1,0,1,-1,0,0,0,0,0,0,-1,0,0,43
0.287229075,30.69896667,77,2,0,1,1,1,1,1,1,1,1,1,1,1,1,1,44
0.287229075,30.69896667,77,2,1,1,-1,-1,-2,-1,-2,-2,-2,-2,0,0,-2,-2,45
0.004385749,29.557,78,2,1,1,1,1,0,0,0,0,0,0,0,0,0,0,46
0.004385749,29.557,78,2,2,2,2,2,2,2,2,2,2,2,2,2,2,2,47
0.003931646,28.4663,78,2,2,2,-1,-1,1,1,0,0,-1,0,-1,0,0,0,48
0.003931646,28.4663,78,2,2,2,1,0,1,1,-2,-2,-2,1,1,1,1,1,49
0.003931646,28.4663,78,2,2,2,1,1,-2,-2,-2,-2,-2,-2,-2,-1,0,0,50
0.056493087,30.85531667,74,0,1,1,2,1,-1,-1,-1,-1,1,1,2,1,2,1,1
0.055451788,30.93595,73,1,0,1,2,1,1,1,1,0,1,1,1,1,2,1,2
0.057354142,31.0715,78,1,2,1,1,1,1,1,0,-1,1,1,1,0,1,1,3
0.058995721,31.12921667,74,1,2,2,1,1,2,2,1,2,0,1,1,2,2,2,4
0.058801392,31.19383333,73,1,1,1,-1,-1,0,0,1,-1,-1,-1,-1,-1,-1,-1,5
0.059823263,31.31046667,76,1,2,2,1,1,2,2,1,-1,0,1,-1,1,1,1,6
0.059615604,31.3712,74,1,1,1,2,2,2,2,2,2,1,1,1,1,2,2,7
0.060592021,31.41846667,75,1,-1,0,1,1,-1,-1,1,-1,-1,0,1,1,1,0,8
0.061522171,31.47095,73,2,2,2,1,1,2,2,1,1,-1,2,1,1,2,2,9
0.063095158,31.56286667,74,1,0,0,1,1,-1,-1,1,1,1,1,1,1,1,2,10
0.063117367,31.60995,75,1,2,1,1,1,1,1,0,1,-1,1,1,0,1,0,11
0.064226521,31.65183333,74,2,2,2,1,0,1,1,2,1,1,1,1,1,2,2,12
0.063676525,31.68693333,74,2,2,2,2,2,2,2,2,2,1,2,1,1,2,2,13
0.063040604,31.72333333,73,2,2,1,2,2,2,2,1,1,2,1,1,1,2,2,14
0.064791283,31.79973333,71,1,1,1,1,1,0,1,1,-1,1,0,1,1,0,0,15
0.065368629,31.8162,70,0,1,-1,1,1,1,1,-1,-1,-1,0,-1,-1,-1,-1,16
0.065749842,31.84133333,72,1,0,0,0,1,1,1,1,-1,-1,0,1,1,0,-1,17
0.0657544,31.85693333,72,1,1,1,1,2,1,1,1,1,1,2,1,1,2,1,18
0.066486271,31.87643333,71,1,1,1,2,2,1,1,-1,-1,1,1,2,1,1,1,19
0.067003238,31.89203333,71,1,2,1,2,2,1,1,2,1,1,2,1,2,2,2,20
0.067170496,31.9289,70,0,1,0,1,1,2,2,1,2,2,2,1,1,2,2,21
0.068796738,31.94633333,71,1,2,1,1,0,1,1,1,-1,-2,1,1,1,1,0,22
0.068635375,31.95196667,73,1,1,1,0,0,1,1,-1,-1,-1,1,1,1,0,-1,23
0.069767975,31.95153333,70,1,2,1,1,1,1,1,1,2,2,1,1,1,2,2,24
0.071206438,31.93366667,69,1,1,1,1,-1,1,1,1,2,2,1,1,1,1,0,25
0.071720321,31.9074,66,1,2,1,-1,-1,1,1,-1,1,1,1,1,1,2,0,26
0.071654408,31.8981,68,1,1,1,2,2,2,2,2,2,2,1,2,1,2,2,27
0.071133025,31.8994,67,-1,1,-1,-1,-1,-1,-1,-1,-1,-1,0,-2,0,-2,-2,28
0.071065054,31.89463333,69,1,1,1,2,2,2,2,2,2,1,2,2,2,2,2,29
0.070780588,31.88683333,68,1,1,2,1,1,2,2,1,1,1,1,1,1,2,1,30
0.071610567,31.88336667,68,-1,1,-1,1,1,1,1,-1,-1,-1,0,1,0,-1,-1,31
0.071419371,31.86386667,68,1,1,1,1,2,1,0,2,1,1,2,2,2,2,2,32
0.073070742,31.84436667,68,1,0,0,1,1,1,1,-1,1,-1,1,1,1,1,1,33
0.074057383,31.8344,67,1,0,1,1,2,1,1,2,-1,1,1,0,1,1,0,34
0.076078075,31.83613333,66,1,1,1,-1,-1,1,1,-1,-1,-1,1,1,1,1,-1,35
0.077103179,31.82053333,69,1,1,0,1,0,0,0,-2,-2,-2,0,1,1,-1,-1,36
0.077533717,31.80493333,66,1,2,2,1,1,1,1,-1,-1,-1,1,1,1,1,1,37
0.076797496,31.7902,74,-1,1,0,1,1,1,1,1,1,-1,1,0,1,1,0,38
0.076827833,31.7889,69,1,1,1,1,0,1,1,-1,-1,-1,1,1,1,2,1,39
0.077131196,31.79193333,66,1,1,1,1,1,2,2,2,2,2,1,1,1,1,2,40
0.077687029,31.79063333,68,1,1,1,0,0,-1,0,1,-1,-1,1,1,1,0,1,41
0.077289742,31.785,65,1,1,1,0,0,1,1,0,1,1,1,2,1,2,2,42
0.077202662,31.76921667,68,1,0,0,1,1,1,1,2,1,1,1,2,1,1,1,43
0.076420925,31.7513,69,1,-1,0,2,2,1,1,1,-1,-2,1,1,1,1,0,44
0.076420925,31.7513,69,1,2,1,1,-1,-1,-1,0,0,0,1,1,1,-1,1,45
0.078015,31.73373333,63,2,2,2,1,1,1,1,1,1,-1,1,-1,1,1,1,46
0.048409783,31.57461667,65,1,1,1,2,2,1,1,1,1,1,2,2,1,2,1,47
0.004120721,30.09946667,67,1,0,1,-1,-1,1,1,-1,-1,-1,0,-1,1,-1,0,48
1.479313188,25.31998333,68,1,2,2,1,1,1,1,2,1,1,2,1,1,2,2,49
1.479313188,25.31998333,68,1,0,0,-1,-1,-1,-1,-1,-1,1,1,-1,1,-1,-1,50
0.057769934,28.98885,105,-1,-2,-2,-2,-2,-2,-2,-2,-2,-2,-2,-2,-2,-2,-2,1
0.057769934,28.98885,105,1,1,0,1,1,1,0,1,0,0,1,0,1,1,1,2
0.06049965,28.95285,101,1,1,1,1,1,0,1,1,0,0,0,1,1,0,1,3
0.06049965,28.95285,101,1,0,1,0,1,1,0,1,1,0,1,1,0,1,1,4
0.061488021,28.9002,99,-2,-2,-2,-2,-2,-2,-2,-2,-2,-2,-2,-2,-2,-2,-2,5
0.061488021,28.9002,99,1,1,2,2,1,2,1,1,2,2,1,2,2,2,2,6
0.061488021,28.9002,99,2,2,2,2,2,2,2,2,2,2,2,2,2,2,2,7
0.065226637,28.96275,107,-1,-1,-1,-1,-2,-2,-2,-2,-1,-1,-2,-1,-1,-2,-2,8
0.065226637,28.96275,107,-1,-1,0,0,0,-1,0,0,0,0,-1,0,0,0,0,9
0.065226637,28.96275,107,-1,-1,-1,-1,-1,-1,-1,-1,-1,-1,-1,-2,-1,-1,-2,10
0.051183221,29.10918333,104,1,1,2,1,0,1,2,1,2,2,2,1,2,2,1,11
0.051183221,29.10918333,104,0,1,1,0,1,1,1,2,2,1,1,1,2,1,2,12
0.051183221,29.10918333,104,0,0,0,0,-1,-1,-1,-1,-1,0,-1,-1,-1,0,-1,13
0.051675438,29.42075,105,1,2,1,2,2,2,2,1,2,2,2,2,2,1,2,14
0.051675438,29.42075,105,-1,-1,-1,-1,-2,-1,-1,-2,-2,-2,-1,-2,-2,-1,-2,15
0.051373796,29.46268333,105,-1,-1,-1,-1,-2,-1,-1,-2,-1,-2,-1,-1,-1,-2,-1,16
0.051373796,29.46268333,105,-1,-2,-2,-1,-2,-1,-2,-2,-1,-1,-1,-2,-1,-1,-2,17
0.051373796,29.46268333,105,1,1,0,1,0,1,1,0,0,0,1,1,1,1,1,18
0.0563982,29.38515,107,-2,-2,-2,-2,-2,-2,-2,-2,-2,-2,-2,-2,-2,-2,-2,19
0.0563982,29.38515,107,-1,-2,-1,-1,-2,-2,-2,-2,-2,-2,-2,-2,-2,-2,-2,20
0.0563982,29.38515,107,-2,-2,-2,-2,-2,-2,-2,-2,-2,-2,-2,-2,-2,-2,-2,21
0.054594279,29.37661667,111,1,1,1,1,0,1,1,1,1,0,1,1,1,1,1,22
0.054594279,29.37661667,111,1,1,1,2,1,1,0,1,1,2,1,1,1,1,1,23
0.054594279,29.37661667,111,0,0,0,-1,0,0,0,-1,0,0,-1,0,0,0,0,24
0.055365258,29.62653333,107,-1,-1,-1,-1,-2,-1,-1,-2,-1,-1,-1,-2,-1,-1,-2,25
0.055365258,29.62653333,107,0,0,0,0,-1,0,0,-1,0,0,0,0,0,0,-1,26
0.055365258,29.62653333,107,-1,-1,-1,-1,-2,-1,-1,-2,-1,-2,-2,-1,-1,-1,-2,27
0.05815315,29.7705,108,0,0,0,0,-1,0,0,-1,0,0,0,0,0,-1,-1,28
0.05815315,29.7705,108,-1,-1,-1,-2,-2,-1,-1,-2,-1,-1,-1,-1,-1,-1,-1,29
0.060129221,29.90698333,107,1,1,1,1,2,1,1,2,1,1,1,1,1,2,1,30
0.060129221,29.90698333,107,0,0,0,1,1,0,0,0,1,1,1,0,1,0,1,31
0.060129221,29.90698333,107,-2,-2,-2,-2,-2,-2,-2,-2,-2,-2,-2,-2,-2,-2,-2,32
0.061814088,30.00155,108,0,1,1,1,1,1,0,1,1,1,1,0,1,1,1,33
0.061814088,30.00155,108,1,1,1,1,2,1,1,2,1,2,2,2,2,2,2,34
0.062386987,30.05111667,106,2,2,2,2,2,2,2,2,2,2,2,2,2,2,2,35
0.062386987,30.05111667,106,-2,-2,-2,-2,-2,-2,-2,-2,-2,-2,-2,-2,-2,-2,-2,36
0.062386987,30.05111667,106,1,1,0,1,1,1,0,1,1,0,1,1,0,1,1,37
0.0651399,30.12875,107,0,-1,0,-1,-1,0,0,0,0,0,-1,-2,0,-1,-1,38
0.0651399,30.12875,107,-2,-2,-2,-2,-2,-2,-2,-2,-2,-2,-2,-2,-2,-2,-2,39
0.0651399,30.12875,107,1,1,1,2,1,0,1,1,2,1,2,1,2,2,2,40
0.066391546,30.19695,108,1,0,1,1,1,0,1,1,0,1,1,0,1,1,1,41
0.066391546,30.19695,108,-2,-2,-2,-2,-2,-2,-2,-2,-2,-2,-2,-2,-2,-2,-2,42
0.066391546,30.19695,108,0,-1,0,-1,-1,-2,-1,-2,-2,-1,-1,-1,-1,-1,-2,43
0.029572358,29.9227,111,0,0,0,-1,-1,-1,-1,-1,-1,-1,-1,-1,-1,-1,-1,44
0.029572358,29.9227,111,-2,-2,-2,-2,-2,-2,-2,-2,-2,-2,-2,-2,-2,-2,-2,45
0.029572358,29.9227,111,-2,-2,-2,-2,-2,-2,-2,-2,-2,-2,-2,-2,-2,-2,-2,46
0.83462575,27.41741667,110,1,1,1,2,2,2,1,1,2,1,2,2,2,1,2,47
0.83462575,27.41741667,110,1,0,1,1,1,1,1,1,0,1,1,0,1,1,0,48
0.004448621,26.25776667,107,2,2,2,2,2,2,2,2,2,2,2,2,2,2,2,49
0.004448621,26.25776667,107,0,0,-1,-1,-1,-1,-1,-1,-1,0,-1,0,0,-1,-1,50
0.094447383,28.32725,56,1,1,0,-1,-1,-2,-1,0,0,0,0,-1,0,-1,-1,1
0.099742729,28.3511,55,1,1,1,1,1,2,2,0,0,1,1,2,0,2,2,2
0.103334775,28.3799,58,1,1,1,1,0,1,1,1,1,0,0,0,0,1,1,3
0.108594317,28.41815,54,1,2,2,0,-1,0,1,0,0,0,2,1,0,2,1,4
0.113966462,28.4474,54,0,-1,-1,-1,-1,0,0,0,1,1,-2,-2,0,-2,-2,5
0.118175138,28.4825,53,1,1,1,1,0,1,1,2,2,1,1,1,0,1,1,6
0.152618354,28.5626,53,1,1,1,1,0,-1,-1,-1,-1,1,0,0,0,1,1,7
0.152618354,28.5626,53,-1,-1,-1,0,1,-1,-1,1,1,0,-1,0,0,-1,-1,8
0.158077196,28.5788,54,2,2,2,2,1,1,1,2,2,2,2,1,1,1,2,9
0.162303346,28.6058,51,1,1,2,1,0,1,1,1,1,0,1,1,1,1,1,10
0.16698945,28.622,51,1,1,0,0,0,0,-1,-1,0,-1,-1,-1,0,-1,-1,11
0.170519529,28.62965,52,1,0,0,-1,-1,-2,-2,0,0,0,-2,-2,0,-1,-2,12
0.173084367,28.61705,52,-1,0,-1,-1,0,0,-1,-2,-2,-1,-1,-1,-1,-1,-1,13
0.177309458,28.6103,53,0,1,1,1,0,0,0,0,-1,-1,0,0,0,0,0,14
0.180365908,28.61165,57,0,-1,0,0,0,0,-1,-1,-1,-1,0,0,0,-1,0,15
0.180365908,28.61165,57,0,1,1,-1,-1,0,0,-2,-2,-2,-1,0,0,0,-1,16
0.182783442,28.59455,54,0,0,0,1,0,1,0,-1,0,0,-1,-1,-1,0,0,17
0.186988517,28.59905,53,0,0,1,1,0,1,0,0,1,0,0,0,-1,0,0,18
0.190444129,28.6112,54,1,1,1,2,1,1,1,1,0,1,1,1,1,1,1,19
0.194274121,28.59995,56,1,1,1,-1,-1,0,0,-1,0,0,-1,-2,-1,-2,-2,20
0.194274121,28.59995,56,1,0,1,-1,-1,0,-1,-1,-1,-1,-2,-2,0,-2,-2,21
0.197799025,28.5833,53,-1,-1,-1,0,1,1,1,1,1,1,0,0,0,-1,-1,22
0.1986109,28.5608,53,-1,-1,-1,-1,-1,-1,-1,-1,0,-1,-1,-1,-1,-1,-1,23
0.201972254,28.55765,53,0,0,-1,-1,-1,0,0,-1,-1,-1,0,-1,0,-1,-1,24
0.201972254,28.55765,53,0,0,0,-1,-1,0,0,-1,0,0,0,-1,0,0,-1,25
0.201684133,28.53065,54,0,0,0,-1,-1,1,1,0,1,1,1,-1,0,0,0,26
0.203558782,28.50905,55,-1,0,-1,-2,-2,-2,-2,-2,-2,-2,-2,-2,-2,-2,-2,27
0.203558782,28.50905,55,1,1,1,0,0,1,1,1,1,1,1,-1,0,1,0,28
0.205602258,28.49915,53,1,1,1,0,1,1,1,1,1,1,1,0,1,1,1,29
0.209786404,28.4852,56,1,1,1,0,0,1,1,0,0,1,0,0,-1,1,0,30
0.209786404,28.4852,56,1,0,1,1,1,1,1,1,1,1,1,2,2,1,1,31
0.216882517,28.4951,55,1,1,0,-1,-2,-2,-2,-1,0,-1,-2,-2,-1,-2,-2,32
0.22027215,28.5122,51,1,1,1,0,0,1,1,1,1,1,-1,0,0,0,0,33
0.223806475,28.4996,52,1,1,1,2,2,1,1,2,1,1,1,1,1,1,1,34
0.223806475,28.4996,52,1,1,2,1,0,1,1,0,1,1,1,1,-1,1,1,35
0.228490408,28.4726,55,0,0,0,0,0,1,1,1,1,1,0,-1,0,0,0,36
0.232401038,28.46315,55,1,1,1,1,1,1,1,2,1,1,0,0,0,1,1,37
0.232401038,28.46315,55,1,1,0,0,0,0,0,1,1,1,1,0,0,0,0,38
0.237323775,28.44785,53,1,1,1,1,0,1,1,1,1,1,1,0,-1,0,0,39
0.238670179,28.41545,54,0,1,0,0,-1,0,0,0,1,1,-1,-1,0,-1,-1,40
0.242064596,28.388,56,1,1,0,0,1,1,1,1,1,1,0,1,0,1,0,41
0.242005917,28.3583,55,0,1,1,-1,-1,-1,-1,-1,-1,0,-1,-1,-1,-1,-1,42
0.242005917,28.3583,55,-1,-1,-1,-1,-2,-1,-1,0,0,0,-1,-1,-1,-2,-2,43
0.244149225,28.33715,54,1,1,1,1,1,1,1,1,1,0,1,1,1,1,1,44
0.244149225,28.33715,54,0,0,0,-1,-2,-1,-1,0,0,0,-1,-2,-2,-2,-2,45
0.143586708,28.17365,57,1,1,1,0,1,1,1,1,1,1,1,0,0,0,0,46
0.143586708,28.17365,57,1,0,0,0,0,0,0,0,-1,-1,-1,0,0,-1,-1,47
0.002503058,27.20746667,57,1,1,1,0,0,0,0,0,1,1,0,0,0,0,0,48
0.002250912,26.39118333,56,1,1,1,1,1,1,1,1,1,1,1,1,1,1,1,49
0.002250912,26.39118333,56,0,0,0,-1,-1,-1,-1,0,0,0,-1,-1,-1,-1,-1,50
0.472536467,31.5425,92,-1,-1,-2,0,1,-2,-2,0,0,-1,-1,0,1,-2,-1,1
0.443555308,31.5243,93,1,1,1,2,2,1,1,1,1,1,1,2,1,2,2,2
0.399259605,31.50913333,91,0,0,0,0,1,0,0,0,0,0,-1,-1,0,-1,-1,3
0.357669257,31.54206667,89,0,0,0,1,1,0,0,1,1,0,1,0,1,1,1,4
0.334622992,31.55983333,89,-1,0,-1,-1,0,-2,-2,0,0,0,-1,-1,0,-1,-2,5
0.318705079,31.5724,90,0,0,-1,-1,-1,-1,-1,-2,-1,-1,-2,-1,0,-2,-2,6
0.296055458,31.57025,88,1,1,1,1,1,1,1,1,1,0,1,1,0,1,2,7
0.285894688,31.53643333,86,0,1,0,1,1,0,0,1,0,1,1,0,0,1,0,8
0.276475638,31.49916667,88,2,1,2,1,0,0,0,0,-1,-1,1,0,0,0,1,9
0.256187962,31.37466667,84,0,0,0,0,0,0,0,0,0,0,0,0,0,-1,0,10
0.247656258,31.22806667,89,1,1,1,0,-1,-1,0,0,0,-1,0,-1,0,0,-1,11
0.244178875,31.15781667,86,0,0,-1,-1,0,-1,-1,-1,0,0,-1,-1,0,-1,-1,12
0.234055113,31.0494,84,0,0,0,-1,0,-1,-1,0,-1,-1,-1,-1,0,-1,-1,13
0.234055113,31.0494,84,1,1,2,1,2,1,1,1,1,1,1,1,1,1,2,14
0.226678854,30.96506667,85,0,1,-1,-1,0,-1,-1,0,0,0,-1,0,-1,-1,-1,15
0.22420775,30.91078333,87,0,0,0,0,-1,-1,-1,0,0,-1,-1,-1,0,-1,-1,16
0.222401821,30.86048333,86,1,1,0,0,0,-1,-1,0,0,0,-1,0,0,-1,-1,17
0.219467146,30.71116667,84,0,0,1,1,1,0,0,0,0,0,0,0,1,0,0,18
0.216290704,30.64936667,88,1,1,0,1,1,0,0,0,0,0,0,1,0,1,1,19
0.210930536,30.57696667,87,1,1,0,0,0,-1,-1,0,0,0,-1,0,0,-1,-1,20
0.209364888,30.51646667,85,1,1,1,1,1,0,0,0,0,0,1,1,0,1,1,21
0.208583004,30.4638,84,1,1,0,-1,0,0,0,0,0,-1,-1,0,0,-1,-1,22
0.208557821,30.42491667,82,0,0,0,-1,0,0,0,0,0,0,-1,0,-1,-1,-1,23
0.207710637,30.37385,83,2,1,1,1,1,0,0,1,1,1,1,1,1,1,1,24
0.206934625,30.31768333,83,1,1,0,0,0,0,0,0,0,-1,-1,0,0,-1,0,25
0.204707483,30.26723333,83,1,0,0,-1,-1,-1,-1,-1,0,0,-1,-1,0,-1,-1,26
0.205706387,30.22455,82,1,1,2,1,0,1,1,1,0,0,1,1,1,1,1,27
0.206205204,30.16681667,84,1,1,0,-1,0,-1,-1,0,0,0,-1,0,0,-1,-1,28
0.203831096,30.12301667,92,2,1,2,1,1,1,1,1,0,0,2,1,1,2,2,29
0.202238725,30.07661667,84,1,1,1,1,1,0,0,0,0,0,1,0,0,0,0,30
0.200718379,30.03068333,81,0,1,0,0,0,0,0,0,0,-1,0,0,0,0,-1,31
0.077793192,29.619,79,1,1,1,0,0,-1,0,0,0,0,-1,0,0,-2,-1,32
-0.0006148,28.55558333,81,1,-1,-1,0,0,-1,-1,0,0,0,0,0,0,0,-1,33
-0.000724058,27.62351667,81,2,2,2,2,2,2,2,2,2,1,2,1,1,2,2,34
0.000881546,26.71163333,80,1,1,0,0,-1,0,0,0,0,-1,1,-1,1,-1,-1,35
0.000902779,25.90563333,81,-1,1,-1,0,0,-1,-1,0,0,-1,-1,0,0,-1,-1,36
0.001078367,25.1815,81,1,1,1,-1,-1,-1,-1,-1,-1,-1,-1,0,0,-1,-1,37
0.00032215,24.55078333,79,1,1,1,1,0,0,0,0,0,0,0,0,0,0,1,38
4.88E-05,23.99051667,81,0,-1,-1,0,0,0,0,0,0,0,-1,0,0,-1,-1,39
0.000124642,23.49618333,81,1,1,1,0,1,0,0,0,-1,0,0,0,0,0,0,40
-0.000638092,23.08861667,79,1,1,1,1,1,0,1,0,0,0,0,1,0,1,1,41
-0.00035095,22.74888333,79,0,-1,-1,-1,-1,-1,0,0,0,0,-1,0,0,-1,-1,42
0.000531054,22.11421667,78,1,1,0,1,0,0,0,0,0,0,1,0,1,1,1,43
0.000531054,22.11421667,78,1,0,0,-1,-1,-1,0,-1,0,0,-1,0,0,-1,-1,44
0.001316233,21.8538,82,1,0,0,0,-1,0,0,0,0,0,0,0,0,0,0,45
0.000729183,21.62165,80,0,0,0,-1,-1,0,0,-1,-1,-1,-1,-1,0,-1,-1,46
0.000631837,21.41143333,78,1,0,1,2,2,0,0,0,-1,0,0,1,0,1,1,47
0.000530395,21.23126667,79,1,0,-1,-1,-1,-1,-1,-1,0,-1,0,-1,0,-1,-1,48
0.000697631,20.91905,78,1,1,0,2,2,0,0,1,0,0,2,1,0,2,2,49
0.000697631,20.91905,78,0,0,-1,-1,0,0,0,-1,0,0,-1,0,0,-1,-1,50
0.070481046,29.22795,57,2,1,1,2,1,-2,-2,0,0,0,1,1,0,1,1,1
0.075474429,29.3789,59,2,2,2,2,2,2,2,1,2,1,2,2,2,2,2,2
0.08205735,29.5006,59,-1,-1,-1,-2,-2,-1,-2,0,-1,-1,-1,-2,-2,-1,-1,3
0.089607971,29.5955,63,1,1,1,1,1,-1,-1,1,1,1,1,1,1,2,0,4
0.096001408,29.66378333,60,0,0,-2,-2,-2,-2,-2,-2,-2,-2,-2,-2,-2,-2,-2,5
0.102622137,29.7652,58,0,0,-1,-1,0,-2,-2,-2,-2,-2,-1,-1,-2,-1,-2,6
0.112002758,29.86635,62,1,1,1,1,1,1,1,1,1,1,1,1,1,1,1,7
0.116266125,29.94686667,65,-1,0,-1,-1,-2,-2,-2,-2,-2,-2,-2,-2,-2,-2,-2,8
0.149679679,29.9918,65,2,2,2,1,1,1,1,0,0,0,1,1,1,1,1,9
0.149679679,29.9918,65,2,2,2,2,2,2,2,2,2,2,2,2,2,2,2,10
0.1689749,29.999,62,1,1,1,-1,0,0,0,-1,-1,-1,0,0,-1,-1,-1,11
0.190592212,30.02365,68,1,1,0,1,-1,-1,-1,0,-1,-1,0,0,-1,-1,-1,12
0.190592212,30.02365,68,1,1,1,1,1,1,1,1,1,1,1,1,1,1,1,13
0.196694896,30.06345,62,2,2,2,2,2,2,2,2,2,2,2,2,2,2,2,14
0.199670633,30.1023,57,-1,1,-1,-1,-1,-2,-2,-2,-2,-2,-1,-1,1,-1,-1,15
0.204112921,30.13321667,58,1,-1,1,0,0,1,1,1,1,1,1,1,0,0,0,16
0.203194404,30.17086667,54,-1,0,-2,-2,-2,-2,-2,-2,-2,-2,-2,-2,-2,-2,-2,17
0.204053192,30.17436667,53,1,1,1,1,1,1,1,1,1,1,1,1,1,1,1,18
0.206291363,30.18216667,54,1,1,1,1,-1,1,0,1,0,0,1,1,1,1,0,19
0.207742967,30.213,53,-1,0,-1,-2,1,-1,-1,1,1,1,-2,-1,-1,-2,-2,20
0.207742967,30.213,53,0,0,-2,-2,-2,-2,-2,-2,-2,-2,-2,-2,-2,-2,-2,21
0.211611346,30.24235,59,1,1,1,1,1,1,1,2,2,2,1,1,1,1,1,22
0.215401683,30.25246667,56,2,1,2,1,1,0,0,1,1,1,1,1,1,1,1,23
0.284794112,30.41438333,60,2,2,2,1,1,0,0,1,1,1,1,1,1,1,1,24
0.287941825,30.46121667,68,0,0,1,-1,-1,-1,-1,-1,0,0,-1,0,-1,0,-1,25
0.289762142,30.5076,66,-1,0,0,-1,-1,0,-2,-2,-1,-1,-1,-1,-1,-1,-1,26
0.279526218,30.4808,63,2,2,2,2,2,0,0,1,1,1,2,2,2,2,2,27
0.279526218,30.4808,63,-1,-1,-1,-2,-2,-2,-2,-2,-2,-2,-2,-2,-2,-2,-2,28
0.259080742,30.41318333,61,2,2,2,2,0,1,1,1,1,1,1,1,0,1,1,29
0.260969292,30.47465,60,1,1,-1,-1,-1,-1,-1,0,0,0,-1,-1,-1,-1,-1,30
0.266276154,30.53383333,62,-1,-1,-2,-1,-1,-1,-1,-1,-1,-1,-1,-1,-1,-1,-1,31
0.270689121,30.51318333,55,-1,-1,1,1,0,-1,-1,-1,-1,-1,-1,0,0,0,0,32
0.273753513,30.52038333,66,-1,0,-2,-1,-1,-1,-1,-1,0,-1,0,0,0,0,0,33
0.277553375,30.57203333,59,0,1,0,0,1,1,1,1,1,1,1,1,0,0,0,34
0.2878715,30.57111667,54,1,1,1,1,-1,-1,-1,1,1,-1,1,-1,-1,0,1,35
0.288856146,30.55085,52,-2,0,-2,0,-1,-1,-1,0,-1,-1,0,-1,-2,-1,-2,36
0.287600154,30.52935,52,-1,-1,-2,-1,-1,-2,-2,-2,-2,-2,-2,-1,-1,-2,-2,37
0.288921229,30.51675,62,1,1,0,0,1,1,1,1,1,1,0,1,1,1,1,38
0.290800204,30.53156667,68,-1,-1,-2,-2,-2,-2,-2,-1,-1,-1,-2,-2,-2,-1,-2,39
0.292747987,30.55606667,72,1,1,-1,-1,0,0,0,-1,0,0,0,-1,-1,-1,-2,40
0.298159258,30.57831667,72,2,2,2,1,1,1,0,-1,0,-1,0,0,1,1,2,41
0.301234342,30.58593333,63,1,1,-1,0,1,-1,-1,-1,-1,-1,0,0,-1,-1,-2,42
0.301234342,30.58593333,63,1,1,2,1,1,1,2,2,2,2,2,2,2,2,2,43
0.299185271,30.60386667,64,1,1,0,-1,-1,0,-1,-1,-1,-1,0,-1,-1,-1,-1,44
0.3007687,30.603,66,1,1,0,1,1,-1,-1,0,0,0,1,1,-2,1,-1,45
0.3007687,30.603,66,-1,-1,-1,-1,-1,-2,-2,-2,-2,-2,-1,-1,-2,-2,-2,46
0.142390088,30.4403,66,1,1,1,1,1,1,1,1,1,1,2,2,2,2,2,47
-0.000834279,29.29888333,59,1,1,-1,0,-2,-1,-1,-2,-2,-2,0,0,1,-2,-2,48
0.257087454,27.02661667,57,2,2,2,2,2,2,2,2,2,2,2,2,2,2,2,49
0.257087454,27.02661667,57,0,-1,-1,-2,-2,-2,-2,-2,0,0,-1,-2,-2,-2,-2,50
5.165273521,30.83023333,83,1,2,1,-1,0,-1,-1,0,0,0,1,1,0,1,1,1
4.865490058,30.94123333,88,-1,1,0,1,1,0,1,0,0,0,1,2,1,1,0,2
4.213813929,31.23803333,83,2,2,1,1,1,1,1,0,0,0,1,1,1,1,2,3
3.981108172,31.36513333,83,-1,1,0,1,0,2,2,1,1,1,0,1,1,1,0,4
3.894051162,31.4441,80,0,-1,-1,-1,0,1,0,0,0,-1,-1,0,-1,0,-1,5
3.776111704,31.50393333,82,1,1,2,1,1,2,1,2,1,1,1,1,-1,0,1,6
3.718145879,31.51736667,80,0,-1,-1,1,1,1,2,1,1,1,-1,-1,0,0,-1,7
3.669760783,31.5412,80,0,1,-1,1,1,-1,-2,1,-1,0,-1,1,0,0,-1,8
3.5956549,31.55853333,82,2,1,2,1,0,1,0,1,1,2,0,0,0,-1,1,9
3.602516329,31.59888333,78,1,1,1,1,2,0,0,1,0,1,1,1,1,1,1,10
3.6122794,31.63233333,78,0,1,1,0,1,1,0,0,0,0,-1,-1,-1,-1,0,11
3.534559258,31.68,83,1,-1,0,1,1,-1,-1,1,2,0,1,1,1,1,1,12
3.534559258,31.68,83,1,2,1,1,0,1,0,1,1,1,0,0,-1,0,0,13
3.492934088,31.70166667,78,2,1,2,1,2,1,1,1,2,2,2,1,2,1,2,14
3.492934088,31.70166667,78,0,1,1,1,2,1,0,0,-1,1,1,2,1,1,0,15
3.472228238,31.6683,80,1,2,2,0,1,0,-1,1,0,1,0,0,0,1,1,16
3.50459055,31.59205,80,1,-1,-1,0,-1,1,1,0,0,0,-1,0,0,-1,-1,17
3.50459055,31.59205,80,1,1,2,1,1,2,1,1,0,0,1,1,1,1,1,18
3.494202683,31.59745,81,-1,1,0,2,2,1,1,0,0,0,1,1,1,2,2,19
3.489741962,31.58721667,80,1,-1,0,1,-1,-1,-2,-1,0,0,-1,1,-1,0,-1,20
3.486474504,31.5516,81,1,1,0,1,-1,1,1,-1,0,0,0,1,0,0,-1,21
3.467522562,31.5048,78,1,1,2,0,1,1,0,1,0,0,0,0,0,0,1,22
3.430339858,31.4268,78,1,0,1,1,-1,1,1,1,0,0,1,1,1,1,1,23
3.430339858,31.4268,78,1,2,1,1,2,2,1,2,0,1,1,1,0,1,2,24
3.442480167,31.37033333,78,1,2,1,0,1,2,1,2,0,0,0,0,1,0,1,25
3.456949471,31.30951667,78,0,1,0,1,1,1,0,1,0,0,1,1,0,0,0,26
3.474722375,31.23803333,75,1,1,1,1,0,-1,-1,-1,0,0,1,1,0,1,1,27
3.474722375,31.23803333,75,1,1,1,1,0,1,2,1,1,1,0,1,-1,0,1,28
3.454546642,31.17235,73,1,1,2,1,2,1,1,0,0,0,1,1,1,1,1,29
3.448557183,31.10833333,72,1,1,2,1,2,2,1,1,0,1,1,1,0,1,2,30
3.4503902,31.04376667,71,0,1,0,1,1,1,1,1,0,0,-1,0,0,-1,-1,31
3.4503902,31.04376667,71,1,0,0,1,2,1,2,0,0,0,1,2,1,0,1,32
3.451545979,30.99376667,71,0,1,2,1,2,1,2,2,0,0,1,0,0,1,2,33
3.451545979,30.99376667,71,1,2,2,1,0,2,2,2,0,1,0,0,0,1,1,34
3.455272717,30.9355,72,1,2,2,1,2,1,0,1,0,0,1,0,1,0,1,35
3.455272717,30.9355,72,0,0,-1,0,-1,1,1,0,0,-1,0,1,0,-1,-2,36
3.458755213,30.88591667,73,1,2,1,1,2,1,2,1,0,1,1,0,1,1,1,37
3.450024758,30.8475,72,0,1,1,0,1,1,0,1,0,0,0,0,0,0,1,38
3.450024758,30.8475,72,0,1,1,-1,-1,0,-1,0,0,0,-1,0,-1,-2,-1,39
3.438107838,30.80475,73,1,2,2,1,1,1,2,1,1,0,1,0,0,1,1,40
3.445417671,30.74918333,74,0,1,0,1,0,1,0,1,0,0,1,0,0,0,1,41
3.445417671,30.74918333,74,1,2,1,1,2,1,0,1,0,0,1,0,0,1,1,42
3.267106642,30.69301667,72,-1,0,-1,1,0,-1,-1,0,0,0,1,1,1,-1,-1,43
0.260988608,29.37975,72,1,2,1,1,2,2,1,2,0,0,1,1,0,1,2,44
0.260988608,29.37975,72,0,1,-1,1,0,-1,-2,0,0,0,0,1,-1,-1,-1,45
0.132917854,27.07443333,71,1,2,2,2,2,2,1,2,0,1,1,0,0,1,2,46
0.132917854,27.07443333,71,1,2,0,1,1,1,0,1,-1,0,0,0,0,0,0,47
0.005536146,26.32125,73,1,2,1,1,2,1,1,1,0,1,0,0,0,0,1,48
0.005536146,26.32125,73,1,2,1,1,2,1,1,1,0,0,1,0,0,1,1,49
0.005536146,26.32125,73,1,0,0,-1,0,-1,-2,0,0,0,0,-1,0,-1,-1,50
0.400215646,31.33648333,78,-1,-1,-1,0,1,0,-1,1,1,0,0,1,0,-1,-1,1
0.403670342,31.37163333,76,0,1,1,1,1,0,0,1,0,1,0,1,1,0,1,2
0.404577721,31.39026667,73,-1,-1,-2,-1,0,-1,-1,0,0,0,-1,0,-1,0,-1,3
0.404577721,31.39026667,73,-1,0,-1,1,0,-1,-1,0,0,1,0,0,-1,-1,-2,4
0.404577721,31.39026667,73,-1,0,-1,-1,-1,-1,0,0,1,0,-1,-1,0,-1,-2,5
0.402543958,31.39243333,77,-1,0,-1,-1,-1,0,-1,-1,0,0,0,-1,0,-1,-2,6
0.402543958,31.39243333,77,0,0,1,1,0,1,0,1,1,0,1,0,1,1,1,7
0.404255383,31.39633333,90,0,0,0,1,1,0,1,1,0,0,0,1,0,1,1,8
0.404255383,31.39633333,90,0,0,0,1,1,0,0,0,0,0,1,1,0,1,1,9
0.408994854,31.34951667,90,-1,0,0,-1,0,0,0,0,0,0,0,-1,0,-1,-1,10
0.408994854,31.34951667,90,-1,0,-1,-1,-1,-1,0,-1,0,0,-1,-1,0,-1,-1,11
0.416252471,31.28838333,82,0,0,0,1,1,0,-1,0,0,0,0,1,0,-1,0,12
0.416252471,31.28838333,82,0,-1,-1,0,-1,0,0,-1,-1,0,0,-1,0,-1,-1,13
0.410069496,31.2441,82,1,0,1,1,1,0,1,1,1,2,1,1,0,1,1,14
0.410069496,31.2441,82,-1,0,0,0,1,0,0,0,1,0,-1,0,-1,0,-1,15
0.416769279,31.21463333,79,0,0,-1,-1,0,0,0,0,0,-1,0,-1,0,-1,-1,16
0.416769279,31.21463333,79,0,0,0,1,1,0,0,0,1,0,0,1,0,0,0,17
0.416769279,31.21463333,79,0,0,0,-1,0,1,0,0,1,0,0,-1,0,0,-1,18
0.420298554,31.20033333,78,0,0,1,1,1,0,-1,0,1,0,0,1,0,1,0,19
0.430623775,31.196,79,0,-1,-1,-1,1,0,-1,0,0,0,-1,-1,0,-1,-1,20
0.430623775,31.196,79,-1,0,-1,-1,-1,-1,-1,-1,0,0,-1,-1,-1,-2,-1,21
0.430623775,31.196,79,-1,1,0,-1,-1,0,0,0,0,-1,0,-1,0,-1,-1,22
0.447433954,31.20033333,78,0,0,-1,0,1,0,-1,0,0,0,-1,0,-1,-1,-1,23
0.465213946,31.19903333,81,0,0,0,0,0,-1,-1,0,-1,1,0,0,0,0,0,24
0.465213946,31.19903333,81,-1,0,-1,0,0,-1,0,1,0,0,0,0,-1,-1,-1,25
0.466234364,31.21203333,84,0,0,0,-1,0,-1,0,0,-1,0,0,0,0,0,-1,26
0.466234364,31.21203333,84,1,0,1,1,1,1,1,1,0,0,1,1,0,1,1,27
0.468151763,31.23023333,77,-1,0,-1,-1,-1,0,0,0,0,0,-1,-1,0,-1,-1,28
0.468151763,31.23023333,77,0,0,1,0,1,1,1,0,0,1,1,0,1,0,1,29
0.464738858,31.25233333,78,0,0,0,0,1,0,1,0,1,0,0,-1,0,0,0,30
0.464738858,31.25233333,78,1,0,1,0,0,1,0,0,0,-1,-1,-1,0,0,1,31
0.43072305,31.28266667,83,1,0,1,2,1,1,0,1,1,1,1,2,0,1,1,32
0.431888496,31.31306667,74,-1,0,-1,0,-1,0,0,0,0,-1,-1,-1,0,-1,-1,33
0.431888496,31.31306667,74,0,0,1,1,1,1,1,0,1,1,1,0,0,1,1,34
0.445211046,31.39331667,78,0,0,-1,0,-1,0,0,1,0,1,-1,0,0,-1,-1,35
0.445211046,31.39331667,78,-1,0,-1,0,1,0,0,0,1,-1,-1,1,0,0,-1,36
0.457532904,31.4879,78,0,0,0,0,1,0,1,-1,0,-1,0,0,0,-1,0,37
0.457532904,31.4879,78,0,0,0,1,1,0,0,1,0,1,0,-1,0,1,0,38
0.468562,31.55813333,78,-1,0,-1,0,1,0,0,1,0,0,0,1,0,0,-1,39
0.490096908,31.59531667,0,0,0,1,1,1,0,0,1,0,0,1,0,0,1,1,40
0.490096908,31.59531667,0,0,0,0,1,1,1,0,1,1,-1,0,1,1,1,0,41
0.507452142,31.62798333,78,0,0,1,1,1,-1,0,0,-1,0,1,1,0,1,1,42
0.507452142,31.62798333,78,1,1,2,1,1,1,1,1,1,0,2,2,-1,1,2,43
0.193995387,31.34061667,75,0,0,0,0,1,0,0,1,1,0,0,-1,0,1,0,44
0.193995387,31.34061667,75,0,0,0,1,1,-1,-1,0,1,0,1,1,0,1,0,45
0.001965204,29.772,77,0,0,1,1,1,0,0,1,0,-1,1,0,1,1,1,46
0.001965204,29.772,77,0,0,1,1,1,1,0,1,0,0,1,1,0,1,1,47
0.001965192,28.17136667,78,-1,0,-1,-1,-1,0,0,-1,0,-1,-1,-1,0,-1,-1,48
0.001965192,28.17136667,78,0,0,1,1,1,1,0,1,1,0,1,0,0,1,1,49
0.001965192,28.17136667,78,-1,0,-2,-1,-1,-1,-1,-1,0,0,-2,0,0,-1,-2,50
0.032989975,30.5817,82,1,1,1,-1,-1,-2,0,0,-1,0,-1,-1,-1,0,0,1
0.037616975,30.84513333,81,2,1,1,2,1,2,2,1,1,1,2,1,2,1,1,2
0.043848188,31.03635,81,2,1,1,2,1,0,1,0,0,0,1,1,0,1,1,3
0.050906623,31.20423333,78,0,1,0,-1,-1,0,0,1,1,1,-1,-1,0,-1,0,4
0.053514517,31.28275,80,-1,0,-1,0,0,-1,0,-1,-1,-1,0,-1,0,0,-1,5
0.054676846,31.4905,76,1,2,1,2,2,1,1,2,2,2,1,1,1,2,2,6
0.059979467,31.51346667,76,1,1,1,2,2,2,1,2,2,2,2,1,2,1,2,7
0.064460249,31.5568,78,0,0,0,-1,-1,0,0,-1,-1,-1,-1,0,0,0,-1,8
0.066633929,31.57543333,76,-1,0,-1,0,-1,0,0,-1,1,1,0,0,0,0,0,9
0.071272796,31.63146667,75,1,0,1,1,1,1,2,1,0,0,1,0,1,1,1,10
0.081797037,31.7138,74,1,0,1,1,1,0,1,2,1,2,1,1,1,1,1,11
0.0822988,31.719,76,-1,0,0,1,0,0,-1,-1,-2,-1,0,0,0,0,-1,12
0.086260479,31.7164,76,1,1,2,2,2,1,1,2,2,2,1,1,0,1,2,13
0.088441017,31.69564407,80,1,0,0,1,1,1,2,1,2,2,1,1,0,1,1,14
0.087507369,31.68063934,75,1,1,1,2,1,1,2,0,-1,-1,1,1,2,1,1,15
0.088574554,31.66266667,77,-1,0,-1,0,0,-1,0,0,-1,0,0,0,1,0,0,16
0.095592738,31.60598333,76,1,1,1,0,1,0,-1,-1,-1,-1,0,1,0,0,0,17
0.099141033,31.5789,76,0,0,0,1,0,0,-1,0,0,-1,0,0,0,0,0,18
0.101112954,31.52776667,77,-1,0,-1,-1,-1,0,0,-1,-1,-1,-1,0,0,-1,-1,19
0.101826388,31.5022,74,-1,1,0,-1,0,-1,-2,-2,-2,-2,-1,-2,-2,-1,-2,20
0.106496541,31.48183333,72,-1,-2,-1,0,-1,-1,-2,-2,-2,-2,-1,-1,-2,-1,-2,21
0.105918175,31.4658,70,0,-1,0,1,1,0,0,1,1,1,0,0,0,1,0,22
0.111638654,31.44,72,-1,-1,-1,0,1,0,-1,-1,-1,-2,1,0,0,1,-1,23
0.115019163,31.43865,70,1,0,1,1,2,1,1,1,0,0,1,1,2,1,1,24
0.120199996,31.41886667,87,-1,0,-1,-1,-1,-1,-2,-1,-2,-1,0,0,0,-1,-1,25
0.12142015,31.405,87,0,1,0,-1,-1,0,0,-1,-1,-2,0,-1,0,0,-1,26
0.122792371,31.38376667,86,-2,-1,-1,-1,-2,-1,-1,0,-1,-2,-1,-1,-2,-2,-1,27
0.150482858,31.34866667,80,-2,0,-1,-1,-2,-1,-2,-2,-2,-2,-1,-1,-2,-2,-2,28
0.151947062,31.34216667,68,1,0,1,1,1,1,0,1,0,0,1,0,1,0,1,29
0.154837642,31.32423333,70,1,2,2,2,2,1,2,2,1,1,1,1,2,1,2,30
0.155087883,31.3426,68,1,0,0,1,0,0,0,1,0,1,0,0,-1,0,0,31
0.155163386,31.35733333,69,-2,-2,-2,-1,-2,-2,-2,-2,-2,-2,-1,-2,-2,-2,-2,32
0.156789417,31.34518333,69,2,2,2,1,2,2,1,2,1,2,1,1,1,1,2,33
0.158832506,31.26273333,68,0,-1,0,1,1,0,0,1,0,-1,0,0,-1,0,0,34
0.159387178,31.20466667,70,0,1,1,1,0,0,0,-1,0,0,1,1,0,0,0,35
0.162207333,31.15748333,69,-1,-1,-1,0,-2,-2,-2,-2,-1,-1,-2,-1,-2,-1,-2,36
0.164188221,31.0741,69,1,1,1,1,2,1,1,2,0,1,1,1,0,1,1,37
0.164695544,31.02425,73,-1,0,0,1,0,1,1,0,0,0,1,1,0,1,0,38
0.166639304,30.99098333,71,1,0,0,-1,0,-1,0,0,-1,-1,0,-1,-1,0,0,39
0.168013854,30.96773333,71,1,0,0,1,1,0,0,1,1,0,1,1,1,1,1,40
0.170279929,30.91256667,67,1,0,0,1,2,2,1,1,1,1,1,1,1,1,1,41
0.172922816,30.8944,67,-1,-2,-2,-1,-1,-2,-2,-2,-2,-2,-1,-2,-1,-2,-2,42
0.173503883,30.87745,68,-2,-1,-1,-1,-2,-2,-2,-1,-2,-2,-1,-1,-1,-1,-1,43
0.175840121,30.8283,72,0,1,0,-1,-2,-1,-2,-1,-1,-1,-1,-1,-2,-1,-1,44
0.177873933,30.75033333,71,-1,0,-1,-2,-2,-1,-2,-1,-2,-2,-1,-2,-2,-1,-2,45
0.179138517,30.74063333,70,1,0,0,-1,0,0,-1,0,0,1,-1,-1,0,0,0,46
0.181216567,30.71071667,73,1,0,1,1,1,0,0,1,1,0,0,1,1,1,1,47
0.180979429,30.59723333,92,1,1,1,0,-1,0,0,-2,-1,0,-1,-1,0,-1,0,48
0.1829086,30.55001667,97,1,1,1,0,1,1,0,2,0,0,1,0,0,1,1,49
0.089092246,30.23633333,115,0,-1,0,1,0,0,-1,0,-2,-2,-1,-1,-1,-1,-1,50
0.006793863,26.76753333,64,1,2,2,0,0,-1,-1,-2,-2,-2,0,1,1,1,1,1
0.00926315,26.76473333,68,0,1,0,0,0,-2,-2,0,0,0,0,1,-1,1,-1,2
0.010209133,26.789,67,1,0,-1,0,0,-1,-1,1,1,0,0,0,0,0,0,3
0.009564343,26.7834,66,-1,1,1,0,0,-1,-1,0,1,0,0,0,1,1,-1,4
0.010094217,26.76286667,62,-1,-1,0,-1,-1,-1,-1,0,0,0,-1,-1,0,0,-1,5
0.011161288,26.74233333,63,0,1,-1,-1,-1,1,1,1,1,1,-1,0,-1,-1,-1,6
0.012487758,26.64486667,64,0,-1,-1,1,1,1,1,1,1,1,1,1,0,0,0,7
0.013576758,26.63693333,65,1,-1,0,1,1,1,1,1,1,1,1,1,1,1,1,8
0.013597254,26.62526667,65,0,0,0,1,1,1,1,1,1,1,1,1,0,2,1,9
0.014911563,26.60286667,67,1,0,0,1,1,-1,0,1,0,0,1,1,0,1,0,10
0.015746133,26.5814,64,0,0,0,0,1,1,0,1,1,1,0,-1,0,-1,0,11
0.015792675,26.5564,64,1,0,1,1,1,1,-1,1,0,1,0,0,1,0,1,12
0.015500779,26.51566667,64,0,0,-1,1,-1,1,1,0,0,0,0,1,0,1,0,13
0.015423567,26.4956,63,1,-1,0,1,0,0,0,0,1,1,0,1,1,0,1,14
0.015459983,26.44476667,68,0,0,0,1,0,-1,-1,0,0,0,-1,-1,-1,0,-1,15
0.015105388,26.38585,74,0,-1,1,1,1,1,1,1,1,1,0,0,0,0,1,16
0.015235821,26.37153333,66,0,1,0,0,0,-1,-1,0,0,0,-1,0,-1,-1,0,17
0.016167283,26.36593333,73,1,0,-1,1,1,0,1,1,1,1,1,1,1,1,1,18
0.015858217,26.33326667,63,0,-1,0,-1,0,0,0,0,-1,-1,-2,-2,-1,-2,0,19
0.016044775,26.31553333,65,0,1,0,1,1,1,0,0,0,0,-1,0,-1,0,-1,20
0.015779351,26.2857,66,0,1,0,-2,-2,0,-2,-2,-2,-2,-2,-2,0,-2,-2,21
0.017224465,26.26075,65,-1,-1,-1,0,0,0,0,0,1,1,0,0,0,0,-2,22
0.017318792,26.263,64,-1,-1,-1,-1,-2,-2,-2,-2,-2,-2,-2,-2,0,-2,-2,23
0.018686446,26.23066667,66,0,-1,0,1,1,0,1,0,0,1,-1,0,1,0,0,24
0.018883483,26.17186667,65,-1,-1,0,0,0,0,0,0,0,1,0,0,0,0,0,25
0.019451096,26.24346667,72,0,0,-1,0,0,-1,0,0,0,0,0,0,0,-1,-1,26
0.020516917,26.34586667,67,0,0,0,1,1,1,1,1,0,0,0,2,0,2,1,27
0.020779833,26.32533333,65,0,0,0,-2,-2,-1,0,0,0,0,-1,-1,-1,-1,-1,28
0.020743246,26.3244,62,0,1,0,1,1,1,1,1,0,0,0,0,0,1,1,29
0.020743246,26.3244,62,0,0,0,0,0,0,0,0,0,0,0,0,0,0,0,30
0.020105563,26.32953333,63,0,-1,-1,0,0,0,0,0,0,2,0,0,1,1,1,31
0.020139996,26.31926667,64,0,-1,0,1,1,-2,-2,-2,-2,-2,-2,0,-1,-1,-2,32
0.020479546,26.323,65,0,0,0,0,0,0,0,0,0,0,0,0,0,0,0,33
0.020154608,26.33093333,63,0,-1,0,1,1,1,1,1,0,0,1,1,1,1,0,34
0.021236617,26.32301667,62,0,0,0,0,1,-1,-1,0,0,0,-1,0,0,0,-1,35
0.021361663,26.31086667,62,0,0,0,0,0,0,0,0,0,0,0,0,0,0,0,36
0.021300217,26.27843333,59,0,0,-1,0,-1,0,-1,0,0,0,-1,-1,-1,-1,-1,37
0.022107517,26.26615,65,1,1,1,1,0,0,0,1,1,1,0,0,1,0,0,38
0.022968117,26.26196667,62,-1,0,-1,-1,0,-1,-1,-1,0,0,0,-1,-1,-1,-1,39
0.023844749,26.34213333,58,0,0,0,1,-1,-1,1,0,0,-1,0,0,-1,-1,0,40
0.025987365,26.32673333,62,-1,0,0,0,0,0,1,0,0,0,0,0,0,1,1,41
0.025252487,26.35053333,62,0,-1,0,1,1,0,-1,0,-1,1,0,0,-1,1,-1,42
0.025188321,26.3188,61,-1,-1,0,1,1,-1,0,-1,0,0,1,0,-1,-1,-1,43
0.025392779,26.28293333,65,0,0,0,1,1,1,1,1,1,1,1,1,1,1,1,44
0.026704587,26.2456,61,0,-1,0,1,1,1,0,0,0,0,0,1,0,0,0,45
0.026579762,26.16673333,60,-1,-1,0,1,1,1,1,0,0,0,0,1,0,1,0,46
0.02781369,26.18353333,66,0,0,0,0,0,0,1,1,1,0,1,0,0,0,-1,47
0.02781369,26.18353333,66,0,-1,0,0,0,1,-1,1,1,-1,0,-1,-1,0,-1,48
0.021286431,26.0279,69,0,-1,1,0,1,0,1,-1,0,1,0,1,1,1,1,49
0.021286431,26.0279,69,-1,-1,-1,-1,-1,-1,-1,-1,-1,-1,-1,-1,-1,-1,-1,50
0.013964704,30.6692,81,1,1,1,1,1,0,0,0,0,0,1,1,0,0,1,1
0.016773167,30.77693333,79,2,2,2,2,2,2,2,2,2,2,2,2,2,2,2,2
0.016996883,30.87768333,80,1,1,1,1,0,0,1,1,1,1,2,2,2,2,2,3
0.016996883,30.87768333,80,2,2,2,1,1,1,2,2,2,2,2,2,2,2,2,4
0.017494087,30.94078333,77,1,1,1,-1,-1,-1,-1,-1,-1,-1,-1,-1,-1,-1,-2,5
0.016716117,30.99865,80,2,1,1,1,-2,0,0,0,0,0,0,0,0,-2,-2,6
0.016963171,31.00801667,80,2,2,2,2,2,2,2,2,2,2,2,2,2,2,2,7
0.016963171,31.00801667,80,2,2,2,-1,-1,2,2,2,2,2,2,2,2,2,1,8
0.018274246,31.00265,77,2,2,2,0,0,2,2,2,2,1,1,1,1,1,1,9
0.018372842,31.01061667,76,1,1,1,-1,-1,-1,-1,-1,1,1,1,1,-1,-1,-1,10
0.019159604,31.05113333,77,1,1,1,0,0,0,2,2,2,2,2,2,1,1,1,11
0.017383971,31.06976667,78,1,1,1,0,0,1,1,1,1,1,1,1,1,1,1,12
0.017768438,31.0676,79,2,2,2,2,-1,2,2,2,2,2,2,2,2,2,1,13
0.017768438,31.0676,79,2,2,2,2,2,2,2,2,2,2,2,2,2,2,2,14
0.017589067,30.99156667,80,-1,-1,-1,-1,-1,-1,-1,-1,0,0,0,-1,-1,-1,-2,15
0.017589067,30.99156667,80,1,1,1,0,0,1,1,1,1,1,0,0,1,1,1,16
0.017132146,30.92573333,77,2,2,1,1,1,-2,-2,-2,-2,-2,-2,-2,-2,-2,-2,17
0.017132146,30.92573333,77,1,1,1,2,2,2,2,0,0,0,0,1,1,1,2,18
0.016613,30.85921667,80,1,1,1,1,0,0,-2,-2,-2,-2,-2,-2,-2,-2,-2,19
0.017478637,30.82613333,78,2,2,-2,-2,-2,-2,-2,-2,-2,-2,-2,-2,-2,-2,-2,20
0.017478637,30.82613333,78,0,0,0,-2,-2,-2,-2,-2,-2,-2,-2,-2,-2,-2,-2,21
0.014760258,30.80565,79,0,0,0,-1,-1,1,1,1,1,2,2,2,2,2,2,22
0.014760258,30.80565,79,-1,-1,-1,-1,-1,-1,0,-1,-1,-1,-1,-1,-1,-1,-1,23
0.012908692,30.74293333,78,1,1,1,1,1,1,2,2,2,2,2,2,2,2,2,24
0.012908692,30.74293333,78,1,1,1,1,1,1,2,2,1,1,2,2,1,2,1,25
0.012674104,30.70015,78,1,1,1,-2,-2,-2,0,-1,-1,-1,-1,-2,-2,-2,-2,26
0.012674104,30.70015,78,2,2,2,0,0,-1,-1,-2,-2,2,2,2,2,2,2,27
0.017572171,30.72193333,77,2,2,2,-1,-1,-1,-1,-1,-1,-1,-1,-1,-1,-1,-2,28
0.017572171,30.72193333,77,2,2,2,2,2,2,2,2,2,2,2,2,2,2,2,29
0.018223013,30.73415,75,2,2,2,2,2,2,2,2,2,2,2,2,2,2,2,30
0.018223013,30.73415,75,1,1,1,1,1,1,1,-1,1,-1,1,1,1,1,1,31
0.020662004,30.76285,75,-1,-1,-1,-1,-1,-1,-1,-1,-1,-1,-1,-1,-1,-1,-1,32
0.020097633,30.72703333,76,2,2,2,2,2,2,2,2,2,2,2,2,2,2,2,33
0.020097633,30.72703333,76,-1,-1,-1,-1,-1,0,0,0,0,0,0,0,0,0,0,34
0.020141733,30.67801667,78,1,1,1,0,0,0,0,0,0,0,0,0,0,0,0,35
0.020141733,30.67801667,78,1,1,1,-1,-1,-1,-1,-1,-1,-1,-1,-1,-1,-1,-1,36
0.019284646,30.6121,76,2,1,1,1,2,2,2,1,0,0,0,0,0,0,0,37
0.019561342,30.5606,76,2,2,2,1,1,1,1,1,1,1,1,1,1,1,1,38
0.019561342,30.5606,76,2,2,2,-2,-2,-2,-1,-1,0,0,0,-1,-1,-2,-2,39
0.021041913,30.54218333,78,2,2,2,2,0,0,0,0,0,0,0,0,1,2,1,40
0.021041913,30.54218333,78,2,2,2,0,0,0,0,0,0,1,1,1,1,1,1,41
0.020068675,30.56891667,78,2,2,2,0,0,0,0,0,0,0,0,0,0,0,0,42
0.016814383,30.53275,75,-1,-1,-1,-1,-2,0,-2,-2,-2,-2,-2,-2,-2,-2,-2,43
0.016814383,30.53275,75,2,2,2,-1,-1,-1,0,0,-1,-1,-1,-1,-1,-1,-2,44
0.017089271,30.50706667,78,2,2,2,-1,-1,-1,-1,-1,-2,-2,-2,-2,-2,-2,-2,45
0.019423892,30.44725,78,0,0,0,-1,-1,-1,-1,-2,-1,-1,-1,-1,-1,-1,-2,46
0.019423892,30.44725,78,0,0,0,0,0,0,0,1,1,1,1,2,1,2,2,47
0.008833983,30.47896667,78,2,2,2,-1,-1,-1,0,0,0,0,0,0,0,0,0,48
0.008833983,30.47896667,78,1,1,1,-1,-1,-1,-1,-1,-2,-2,-2,-2,-1,-1,-1,49
0.008833983,30.47896667,78,2,2,2,-2,-2,-2,-2,-2,-2,-2,-2,-2,-2,-2,-2,50